Filename,Date,Hour,Foraging,Total_Events
Potomac 2019 05 31 POD2807 file01.CP3,6/2/2019,8,FALSE,2
Potomac 2019 05 31 POD2807 file01.CP4,6/2/2019,8,TRUE,15
Potomac 2019 05 31 POD2807 file01.CP5,6/2/2019,9,TRUE,13
Potomac 2019 05 31 POD2807 file01.CP6,6/2/2019,20,FALSE,7
Potomac 2019 05 31 POD2807 file01.CP7,6/2/2019,20,TRUE,9
Potomac 2019 05 31 POD2807 file01.CP8,6/2/2019,21,FALSE,17
Potomac 2019 05 31 POD2807 file01.CP9,6/2/2019,21,TRUE,5
Potomac 2019 05 31 POD2807 file01.CP10,6/3/2019,8,FALSE,2
Potomac 2019 05 31 POD2807 file01.CP11,6/3/2019,23,FALSE,3
Potomac 2019 05 31 POD2807 file01.CP12,6/3/2019,23,TRUE,2
Potomac 2019 05 31 POD2807 file01.CP13,6/5/2019,13,FALSE,4
Potomac 2019 05 31 POD2807 file01.CP14,6/5/2019,14,FALSE,19
Potomac 2019 05 31 POD2807 file01.CP15,6/5/2019,14,TRUE,8
Potomac 2019 05 31 POD2807 file01.CP16,6/5/2019,15,FALSE,1
Potomac 2019 05 31 POD2807 file01.CP17,6/5/2019,20,FALSE,6
Potomac 2019 05 31 POD2807 file01.CP18,6/5/2019,20,TRUE,8
Potomac 2019 05 31 POD2807 file01.CP19,6/5/2019,22,FALSE,4
Potomac 2019 05 31 POD2807 file01.CP20,6/5/2019,22,TRUE,1
Potomac 2019 05 31 POD2807 file01.CP21,6/6/2019,1,FALSE,8
Potomac 2019 05 31 POD2807 file01.CP22,6/6/2019,1,TRUE,15
Potomac 2019 05 31 POD2807 file01.CP23,6/6/2019,2,FALSE,6
Potomac 2019 05 31 POD2807 file01.CP24,6/6/2019,2,TRUE,3
Potomac 2019 05 31 POD2807 file01.CP25,6/6/2019,4,FALSE,9
Potomac 2019 05 31 POD2807 file01.CP26,6/6/2019,4,TRUE,3
Potomac 2019 05 31 POD2807 file01.CP27,6/6/2019,11,FALSE,3
Potomac 2019 05 31 POD2807 file01.CP28,6/6/2019,16,FALSE,10
Potomac 2019 05 31 POD2807 file01.CP29,6/6/2019,16,TRUE,35
Potomac 2019 05 31 POD2807 file01.CP30,6/6/2019,17,FALSE,4
Potomac 2019 05 31 POD2807 file01.CP31,6/6/2019,17,TRUE,20
Potomac 2019 05 31 POD2807 file01.CP32,6/6/2019,23,FALSE,12
Potomac 2019 05 31 POD2807 file01.CP33,6/6/2019,23,TRUE,12
Potomac 2019 05 31 POD2807 file01.CP34,6/7/2019,0,FALSE,14
Potomac 2019 05 31 POD2807 file01.CP35,6/7/2019,0,TRUE,11
Potomac 2019 05 31 POD2807 file01.CP36,6/7/2019,2,FALSE,22
Potomac 2019 05 31 POD2807 file01.CP37,6/7/2019,2,TRUE,25
Potomac 2019 05 31 POD2807 file01.CP38,6/7/2019,3,TRUE,3
Potomac 2019 05 31 POD2807 file01.CP39,6/7/2019,18,FALSE,2
Potomac 2019 05 31 POD2807 file01.CP40,6/7/2019,18,TRUE,5
Potomac 2019 05 31 POD2807 file01.CP41,6/7/2019,19,FALSE,3
Potomac 2019 05 31 POD2807 file01.CP42,6/7/2019,19,TRUE,9
Potomac 2019 05 31 POD2807 file01.CP43,6/7/2019,23,FALSE,7
Potomac 2019 05 31 POD2807 file01.CP44,6/8/2019,0,FALSE,7
Potomac 2019 05 31 POD2807 file01.CP45,6/8/2019,0,TRUE,5
Potomac 2019 05 31 POD2807 file01.CP46,6/8/2019,1,FALSE,3
Potomac 2019 05 31 POD2807 file01.CP47,6/8/2019,1,TRUE,1
Potomac 2019 05 31 POD2807 file01.CP48,6/8/2019,15,FALSE,3
Potomac 2019 05 31 POD2807 file01.CP49,6/8/2019,22,FALSE,2
Potomac 2019 05 31 POD2807 file01.CP50,6/9/2019,2,FALSE,3
Potomac 2019 05 31 POD2807 file01.CP51,6/9/2019,5,FALSE,4
Potomac 2019 05 31 POD2807 file01.CP52,6/9/2019,5,TRUE,1
Potomac 2019 05 31 POD2807 file01.CP53,6/10/2019,3,FALSE,9
Potomac 2019 05 31 POD2807 file01.CP54,6/10/2019,3,TRUE,3
Potomac 2019 05 31 POD2807 file01.CP55,6/10/2019,4,FALSE,7
Potomac 2019 05 31 POD2807 file01.CP56,6/10/2019,4,TRUE,3
Potomac 2019 05 31 POD2807 file01.CP57,6/10/2019,20,FALSE,15
Potomac 2019 05 31 POD2807 file01.CP58,6/10/2019,20,TRUE,17
Potomac 2019 05 31 POD2807 file01.CP59,6/10/2019,21,FALSE,16
Potomac 2019 05 31 POD2807 file01.CP60,6/10/2019,21,TRUE,10
Potomac 2019 05 31 POD2807 file01.CP61,6/10/2019,22,FALSE,1
Potomac 2019 05 31 POD2807 file01.CP62,6/11/2019,1,FALSE,13
Potomac 2019 05 31 POD2807 file01.CP63,6/11/2019,1,TRUE,2
Potomac 2019 05 31 POD2807 file01.CP64,6/11/2019,16,FALSE,1
Potomac 2019 05 31 POD2807 file01.CP65,6/11/2019,18,FALSE,2
Potomac 2019 05 31 POD2807 file01.CP66,6/11/2019,18,TRUE,7
Potomac 2019 05 31 POD2807 file01.CP67,6/12/2019,9,FALSE,3
Potomac 2019 05 31 POD2807 file01.CP68,6/12/2019,9,TRUE,4
Potomac 2019 05 31 POD2807 file01.CP69,6/12/2019,10,FALSE,4
Potomac 2019 05 31 POD2807 file01.CP70,6/12/2019,10,TRUE,23
Potomac 2019 05 31 POD2807 file01.CP71,6/12/2019,16,FALSE,4
Potomac 2019 05 31 POD2807 file01.CP72,6/12/2019,19,FALSE,3
Potomac 2019 05 31 POD2807 file01.CP73,6/13/2019,1,FALSE,3
Potomac 2019 05 31 POD2807 file01.CP74,6/13/2019,1,TRUE,4
Potomac 2019 05 31 POD2807 file01.CP75,6/13/2019,2,FALSE,1
Potomac 2019 05 31 POD2807 file01.CP76,6/13/2019,2,TRUE,4
Potomac 2019 05 31 POD2807 file01.CP77,6/13/2019,13,FALSE,1
Potomac 2019 05 31 POD2807 file01.CP78,6/13/2019,20,FALSE,12
Potomac 2019 05 31 POD2807 file01.CP79,6/13/2019,20,TRUE,21
Potomac 2019 05 31 POD2807 file01.CP80,6/13/2019,21,FALSE,8
Potomac 2019 05 31 POD2807 file01.CP81,6/13/2019,21,TRUE,32
Potomac 2019 05 31 POD2807 file01.CP82,6/13/2019,22,FALSE,11
Potomac 2019 05 31 POD2807 file01.CP83,6/13/2019,22,TRUE,3
Potomac 2019 05 31 POD2807 file01.CP84,6/14/2019,1,FALSE,12
Potomac 2019 05 31 POD2807 file01.CP85,6/14/2019,12,FALSE,2
Potomac 2019 05 31 POD2807 file01.CP86,6/14/2019,16,FALSE,12
Potomac 2019 05 31 POD2807 file01.CP87,6/14/2019,17,FALSE,33
Potomac 2019 05 31 POD2807 file01.CP88,6/14/2019,17,TRUE,23
Potomac 2019 05 31 POD2807 file01.CP89,6/14/2019,18,FALSE,11
Potomac 2019 05 31 POD2807 file01.CP90,6/14/2019,18,TRUE,6
Potomac 2019 05 31 POD2807 file01.CP91,6/14/2019,19,FALSE,8
Potomac 2019 05 31 POD2807 file01.CP92,6/14/2019,19,TRUE,4
Potomac 2019 05 31 POD2807 file01.CP93,6/14/2019,20,FALSE,10
Potomac 2019 05 31 POD2807 file01.CP94,6/14/2019,20,TRUE,7
Potomac 2019 05 31 POD2807 file01.CP95,6/15/2019,20,FALSE,9
Potomac 2019 05 31 POD2807 file01.CP96,6/15/2019,20,TRUE,13
Potomac 2019 05 31 POD2807 file01.CP97,6/15/2019,21,FALSE,15
Potomac 2019 05 31 POD2807 file01.CP98,6/15/2019,21,TRUE,7
Potomac 2019 05 31 POD2807 file01.CP99,6/16/2019,9,FALSE,2
Potomac 2019 05 31 POD2807 file01.CP100,6/17/2019,15,FALSE,13
Potomac 2019 05 31 POD2807 file01.CP101,6/17/2019,15,TRUE,28
Potomac 2019 05 31 POD2807 file01.CP102,6/17/2019,16,FALSE,4
Potomac 2019 05 31 POD2807 file01.CP103,6/17/2019,16,TRUE,5
Potomac 2019 05 31 POD2807 file01.CP104,6/17/2019,17,FALSE,2
Potomac 2019 05 31 POD2807 file01.CP105,6/17/2019,17,TRUE,3
Potomac 2019 05 31 POD2807 file01.CP106,6/17/2019,18,FALSE,4
Potomac 2019 05 31 POD2807 file01.CP107,6/17/2019,18,TRUE,1
Potomac 2019 05 31 POD2807 file01.CP108,6/17/2019,21,FALSE,7
Potomac 2019 05 31 POD2807 file01.CP109,6/17/2019,23,FALSE,1
Potomac 2019 05 31 POD2807 file01.CP110,6/18/2019,8,FALSE,2
Potomac 2019 05 31 POD2807 file01.CP111,6/18/2019,12,FALSE,1
Potomac 2019 05 31 POD2807 file01.CP112,6/18/2019,13,FALSE,4
Potomac 2019 05 31 POD2807 file01.CP113,6/19/2019,3,FALSE,1
Potomac 2019 05 31 POD2807 file01.CP114,6/19/2019,9,FALSE,1
Potomac 2019 05 31 POD2807 file01.CP115,6/19/2019,10,FALSE,6
Potomac 2019 05 31 POD2807 file01.CP116,6/19/2019,10,TRUE,3
Potomac 2019 05 31 POD2807 file01.CP117,6/19/2019,11,TRUE,1
Potomac 2019 05 31 POD2807 file01.CP118,6/19/2019,14,FALSE,1
Potomac 2019 05 31 POD2807 file01.CP119,6/19/2019,15,TRUE,3
Potomac 2019 05 31 POD2807 file01.CP120,6/20/2019,1,FALSE,17
Potomac 2019 05 31 POD2807 file01.CP121,6/20/2019,1,TRUE,8
Potomac 2019 05 31 POD2807 file01.CP122,6/20/2019,2,FALSE,4
Potomac 2019 05 31 POD2807 file01.CP123,6/20/2019,5,FALSE,1
Potomac 2019 05 31 POD2807 file01.CP124,6/20/2019,17,FALSE,4
Potomac 2019 05 31 POD2807 file01.CP125,6/21/2019,2,FALSE,1
Potomac 2019 05 31 POD2807 file01.CP126,6/21/2019,6,FALSE,2
Potomac 2019 05 31 POD2807 file01.CP127,6/21/2019,19,FALSE,2
Potomac 2019 05 31 POD2807 file01.CP128,6/22/2019,16,FALSE,3
Potomac 2019 05 31 POD2807 file01.CP129,6/22/2019,16,TRUE,1
Potomac 2019 05 31 POD2807 file01.CP130,6/22/2019,17,FALSE,6
Potomac 2019 05 31 POD2807 file01.CP131,6/22/2019,17,TRUE,1
Potomac 2019 05 31 POD2807 file01.CP132,6/23/2019,17,FALSE,1
Potomac 2019 05 31 POD2807 file01.CP133,6/23/2019,23,FALSE,1
Potomac 2019 05 31 POD2807 file01.CP134,6/24/2019,2,FALSE,15
Potomac 2019 05 31 POD2807 file01.CP135,6/24/2019,4,FALSE,6
Potomac 2019 05 31 POD2807 file01.CP136,6/24/2019,4,TRUE,3
Potomac 2019 05 31 POD2807 file01.CP137,6/24/2019,5,FALSE,4
Potomac 2019 05 31 POD2807 file01.CP138,6/24/2019,5,TRUE,5
Potomac 2019 05 31 POD2807 file01.CP139,6/24/2019,7,FALSE,10
Potomac 2019 05 31 POD2807 file01.CP140,6/24/2019,11,FALSE,1
Potomac 2019 05 31 POD2807 file01.CP141,6/24/2019,23,FALSE,6
Potomac 2019 05 31 POD2807 file01.CP142,6/24/2019,23,TRUE,5
Potomac 2019 05 31 POD2807 file01.CP143,6/25/2019,5,FALSE,15
Potomac 2019 05 31 POD2807 file01.CP144,6/25/2019,5,TRUE,1
Potomac 2019 05 31 POD2807 file01.CP145,6/26/2019,10,FALSE,8
Potomac 2019 05 31 POD2807 file01.CP146,6/26/2019,10,TRUE,7
Potomac 2019 05 31 POD2807 file01.CP147,6/26/2019,12,FALSE,14
Potomac 2019 05 31 POD2807 file01.CP148,6/26/2019,12,TRUE,3
Potomac 2019 05 31 POD2807 file01.CP149,6/26/2019,13,FALSE,2
Potomac 2019 05 31 POD2807 file01.CP150,6/26/2019,16,FALSE,6
Potomac 2019 05 31 POD2807 file01.CP151,6/26/2019,16,TRUE,4
Potomac 2019 05 31 POD2807 file01.CP152,6/26/2019,17,FALSE,2
Potomac 2019 05 31 POD2807 file01.CP153,6/27/2019,3,FALSE,17
Potomac 2019 05 31 POD2807 file01.CP154,6/27/2019,3,TRUE,1
Potomac 2019 05 31 POD2807 file01.CP155,6/27/2019,8,FALSE,4
Potomac 2019 05 31 POD2807 file01.CP156,6/27/2019,8,TRUE,1
Potomac 2019 05 31 POD2807 file01.CP157,6/27/2019,12,FALSE,1
Potomac 2019 05 31 POD2807 file01.CP158,6/27/2019,14,FALSE,10
Potomac 2019 05 31 POD2807 file01.CP159,6/27/2019,14,TRUE,1
Potomac 2019 05 31 POD2807 file01.CP160,6/28/2019,2,FALSE,2
Potomac 2019 05 31 POD2807 file01.CP161,6/28/2019,10,FALSE,7
Potomac 2019 05 31 POD2807 file01.CP162,6/28/2019,10,TRUE,5
Potomac 2019 05 31 POD2807 file01.CP163,6/28/2019,12,FALSE,15
Potomac 2019 05 31 POD2807 file01.CP164,6/28/2019,12,TRUE,8
Potomac 2019 05 31 POD2807 file01.CP165,6/28/2019,13,FALSE,6
Potomac 2019 05 31 POD2807 file01.CP166,6/28/2019,13,TRUE,13
Potomac 2019 05 31 POD2807 file01.CP167,6/28/2019,15,FALSE,6
Potomac 2019 05 31 POD2807 file01.CP168,6/28/2019,15,TRUE,5
Potomac 2019 05 31 POD2807 file01.CP169,6/28/2019,16,FALSE,9
Potomac 2019 05 31 POD2807 file01.CP170,6/28/2019,16,TRUE,2
Potomac 2019 05 31 POD2807 file01.CP171,6/28/2019,17,TRUE,1
Potomac 2019 05 31 POD2807 file01.CP172,6/28/2019,18,FALSE,2
Potomac 2019 05 31 POD2807 file01.CP173,6/29/2019,0,FALSE,4
Potomac 2019 05 31 POD2807 file01.CP174,6/29/2019,1,FALSE,8
Potomac 2019 05 31 POD2807 file01.CP175,6/29/2019,1,TRUE,4
Potomac 2019 05 31 POD2807 file01.CP176,6/29/2019,2,FALSE,3
Potomac 2019 05 31 POD2807 file01.CP177,6/29/2019,2,TRUE,2
Potomac 2019 05 31 POD2807 file01.CP178,6/29/2019,3,FALSE,14
Potomac 2019 05 31 POD2807 file01.CP179,6/29/2019,3,TRUE,45
Potomac 2019 05 31 POD2807 file01.CP180,6/29/2019,4,FALSE,5
Potomac 2019 05 31 POD2807 file01.CP181,6/29/2019,4,TRUE,2
Potomac 2019 05 31 POD2807 file01.CP182,6/29/2019,6,FALSE,2
Potomac 2019 05 31 POD2807 file01.CP183,6/29/2019,6,TRUE,5
Potomac 2019 05 31 POD2807 file01.CP184,6/29/2019,7,FALSE,4
Potomac 2019 05 31 POD2807 file01.CP185,6/29/2019,7,TRUE,15
Potomac 2019 05 31 POD2807 file01.CP186,6/29/2019,8,FALSE,1
Potomac 2019 05 31 POD2807 file01.CP187,6/29/2019,11,FALSE,1
Potomac 2019 05 31 POD2807 file01.CP188,6/29/2019,17,FALSE,9
Potomac 2019 05 31 POD2807 file01.CP189,6/29/2019,17,TRUE,6
Potomac 2019 05 31 POD2807 file01.CP190,6/29/2019,18,FALSE,9
Potomac 2019 05 31 POD2807 file01.CP191,6/29/2019,18,TRUE,11
Potomac 2019 05 31 POD2807 file01.CP192,6/29/2019,21,FALSE,10
Potomac 2019 05 31 POD2807 file01.CP193,6/29/2019,21,TRUE,2
Potomac 2019 05 31 POD2807 file01.CP194,6/29/2019,22,FALSE,3
Potomac 2019 05 31 POD2807 file01.CP195,6/29/2019,22,TRUE,2
Potomac 2019 05 31 POD2807 file01.CP196,6/30/2019,17,FALSE,2
Potomac 2019 05 31 POD2807 file01.CP197,6/30/2019,20,FALSE,3
Potomac 2019 05 31 POD2807 file01.CP198,7/1/2019,4,FALSE,7
Potomac 2019 05 31 POD2807 file01.CP199,7/1/2019,4,TRUE,11
Potomac 2019 05 31 POD2807 file01.CP200,7/1/2019,13,FALSE,1
Potomac 2019 05 31 POD2807 file01.CP201,7/1/2019,18,FALSE,6
Potomac 2019 05 31 POD2807 file01.CP202,7/1/2019,18,TRUE,15
Potomac 2019 05 31 POD2807 file01.CP203,7/1/2019,19,FALSE,4
Potomac 2019 05 31 POD2807 file01.CP204,7/1/2019,19,TRUE,2
Potomac 2019 05 31 POD2807 file01.CP205,7/2/2019,0,FALSE,23
Potomac 2019 05 31 POD2807 file01.CP206,7/2/2019,0,TRUE,9
Potomac 2019 05 31 POD2807 file01.CP207,7/2/2019,1,FALSE,3
Potomac 2019 05 31 POD2807 file01.CP208,7/2/2019,1,TRUE,1
Potomac 2019 05 31 POD2807 file01.CP209,7/2/2019,14,FALSE,1
Potomac 2019 05 31 POD2807 file01.CP210,7/2/2019,16,FALSE,13
Potomac 2019 05 31 POD2807 file01.CP211,7/2/2019,16,TRUE,11
Potomac 2019 05 31 POD2807 file01.CP212,7/2/2019,17,TRUE,1
Potomac 2019 05 31 POD2807 file01.CP213,7/3/2019,7,FALSE,1
Potomac 2019 05 31 POD2807 file01.CP214,7/3/2019,8,FALSE,2
Potomac 2019 05 31 POD2807 file01.CP215,7/3/2019,19,FALSE,9
Potomac 2019 05 31 POD2807 file01.CP216,7/3/2019,19,TRUE,7
Potomac 2019 05 31 POD2807 file01.CP217,7/3/2019,23,FALSE,24
Potomac 2019 05 31 POD2807 file01.CP218,7/3/2019,23,TRUE,27
Potomac 2019 05 31 POD2807 file01.CP219,7/4/2019,0,FALSE,24
Potomac 2019 05 31 POD2807 file01.CP220,7/4/2019,0,TRUE,36
Potomac 2019 05 31 POD2807 file01.CP221,7/4/2019,1,FALSE,17
Potomac 2019 05 31 POD2807 file01.CP222,7/4/2019,1,TRUE,35
Potomac 2019 05 31 POD2807 file01.CP223,7/4/2019,3,FALSE,4
Potomac 2019 05 31 POD2807 file01.CP224,7/4/2019,3,TRUE,4
Potomac 2019 05 31 POD2807 file01.CP225,7/4/2019,15,FALSE,1
Potomac 2019 05 31 POD2807 file01.CP226,7/5/2019,1,FALSE,8
Potomac 2019 05 31 POD2807 file01.CP227,7/5/2019,1,TRUE,2
Potomac 2019 05 31 POD2807 file01.CP228,7/5/2019,2,FALSE,1
Potomac 2019 05 31 POD2807 file01.CP229,7/5/2019,2,TRUE,1
Potomac 2019 05 31 POD2807 file01.CP230,7/5/2019,3,FALSE,5
Potomac 2019 05 31 POD2807 file01.CP231,7/5/2019,3,TRUE,1
Potomac 2019 05 31 POD2807 file01.CP232,7/5/2019,4,FALSE,1
Potomac 2019 05 31 POD2807 file01.CP233,7/5/2019,20,FALSE,1
Potomac 2019 05 31 POD2807 file01.CP234,7/7/2019,1,FALSE,4
Potomac 2019 05 31 POD2807 file01.CP235,7/7/2019,1,TRUE,1
Potomac 2019 05 31 POD2807 file01.CP236,7/7/2019,2,FALSE,8
Potomac 2019 05 31 POD2807 file01.CP237,7/7/2019,2,TRUE,1
Potomac 2019 05 31 POD2807 file01.CP238,7/7/2019,20,FALSE,11
Potomac 2019 05 31 POD2807 file01.CP239,7/7/2019,20,TRUE,5
Potomac 2019 05 31 POD2807 file01.CP240,7/8/2019,1,FALSE,2
Potomac 2019 05 31 POD2807 file01.CP241,7/8/2019,2,FALSE,5
Potomac 2019 05 31 POD2807 file01.CP242,7/8/2019,2,TRUE,5
Potomac 2019 05 31 POD2807 file01.CP243,7/8/2019,4,FALSE,1
Potomac 2019 05 31 POD2807 file01.CP244,7/8/2019,5,FALSE,2
Potomac 2019 05 31 POD2807 file01.CP245,7/8/2019,18,FALSE,2
Potomac 2019 05 31 POD2807 file01.CP246,7/8/2019,22,FALSE,2
Potomac 2019 05 31 POD2807 file01.CP247,7/9/2019,4,FALSE,4
Potomac 2019 05 31 POD2807 file01.CP248,7/9/2019,4,TRUE,1
Potomac 2019 05 31 POD2807 file01.CP249,7/9/2019,13,FALSE,4
Potomac 2019 05 31 POD2807 file01.CP250,7/9/2019,13,TRUE,3
Potomac 2019 05 31 POD2807 file01.CP251,7/9/2019,20,FALSE,1
Potomac 2019 05 31 POD2807 file01.CP252,7/9/2019,21,FALSE,25
Potomac 2019 05 31 POD2807 file01.CP253,7/9/2019,21,TRUE,13
Potomac 2019 05 31 POD2807 file01.CP254,7/10/2019,1,FALSE,14
Potomac 2019 05 31 POD2807 file01.CP255,7/10/2019,1,TRUE,6
Potomac 2019 05 31 POD2807 file01.CP256,7/10/2019,2,FALSE,2
Potomac 2019 05 31 POD2807 file01.CP257,7/10/2019,2,TRUE,8
Potomac 2019 05 31 POD2807 file01.CP258,7/10/2019,3,FALSE,11
Potomac 2019 05 31 POD2807 file01.CP259,7/10/2019,3,TRUE,11
Potomac 2019 05 31 POD2807 file01.CP260,7/10/2019,4,FALSE,6
Potomac 2019 05 31 POD2807 file01.CP261,7/10/2019,4,TRUE,11
Potomac 2019 05 31 POD2807 file01.CP262,7/10/2019,7,FALSE,2
Potomac 2019 05 31 POD2807 file01.CP263,7/10/2019,12,FALSE,4
Potomac 2019 05 31 POD2807 file01.CP264,7/10/2019,12,TRUE,9
Potomac 2019 05 31 POD2807 file01.CP265,7/10/2019,23,FALSE,7
Potomac 2019 05 31 POD2807 file01.CP266,7/10/2019,23,TRUE,1
Potomac 2019 05 31 POD2807 file01.CP267,7/11/2019,11,TRUE,1
Potomac 2019 05 31 POD2807 file01.CP268,7/11/2019,17,FALSE,3
Potomac 2019 05 31 POD2807 file01.CP269,7/11/2019,17,TRUE,3
Potomac 2019 05 31 POD2807 file01.CP270,7/11/2019,18,FALSE,8
Potomac 2019 05 31 POD2807 file01.CP271,7/11/2019,18,TRUE,4
Potomac 2019 05 31 POD2807 file01.CP272,7/11/2019,21,FALSE,6
Potomac 2019 05 31 POD2807 file01.CP273,7/11/2019,21,TRUE,3
Potomac 2019 05 31 POD2807 file01.CP274,7/12/2019,0,FALSE,2
Potomac 2019 05 31 POD2807 file01.CP275,7/12/2019,1,FALSE,7
Potomac 2019 05 31 POD2807 file01.CP276,7/12/2019,1,TRUE,4
Potomac 2019 05 31 POD2807 file01.CP277,7/12/2019,14,FALSE,3
Potomac 2019 05 31 POD2807 file01.CP278,7/12/2019,22,FALSE,2
Potomac 2019 05 31 POD2807 file01.CP279,7/13/2019,10,FALSE,1
Potomac 2019 05 31 POD2807 file01.CP280,7/13/2019,13,FALSE,6
Potomac 2019 05 31 POD2807 file01.CP281,7/13/2019,13,TRUE,1
Potomac 2019 05 31 POD2807 file01.CP282,7/13/2019,15,FALSE,9
Potomac 2019 05 31 POD2807 file01.CP283,7/13/2019,15,TRUE,3
Potomac 2019 05 31 POD2807 file01.CP284,7/13/2019,16,FALSE,4
Potomac 2019 05 31 POD2807 file01.CP285,7/13/2019,16,TRUE,4
Potomac 2019 05 31 POD2807 file01.CP286,7/14/2019,3,FALSE,4
Potomac 2019 05 31 POD2807 file01.CP287,7/14/2019,3,TRUE,12
Potomac 2019 05 31 POD2807 file01.CP288,7/14/2019,4,FALSE,2
Potomac 2019 05 31 POD2807 file01.CP289,7/14/2019,4,TRUE,1
Potomac 2019 05 31 POD2807 file01.CP290,7/14/2019,21,TRUE,1
Potomac 2019 05 31 POD2807 file01.CP291,7/15/2019,1,FALSE,15
Potomac 2019 05 31 POD2807 file01.CP292,7/15/2019,1,TRUE,9
Potomac 2019 05 31 POD2807 file01.CP293,7/15/2019,17,FALSE,1
Potomac 2019 05 31 POD2807 file01.CP294,7/15/2019,22,FALSE,2
Potomac 2019 05 31 POD2807 file01.CP295,7/15/2019,23,FALSE,9
Potomac 2019 05 31 POD2807 file01.CP296,7/16/2019,0,FALSE,8
Potomac 2019 05 31 POD2807 file01.CP297,7/16/2019,0,TRUE,3
Potomac 2019 05 31 POD2807 file01.CP298,7/16/2019,1,FALSE,13
Potomac 2019 05 31 POD2807 file01.CP299,7/16/2019,1,TRUE,3
Potomac 2019 05 31 POD2807 file01.CP300,7/16/2019,2,FALSE,18
Potomac 2019 05 31 POD2807 file01.CP301,7/16/2019,2,TRUE,29
Potomac 2019 05 31 POD2807 file01.CP302,7/16/2019,6,FALSE,9
Potomac 2019 05 31 POD2807 file01.CP303,7/16/2019,6,TRUE,1
Potomac 2019 05 31 POD2807 file01.CP304,7/16/2019,10,FALSE,1
Potomac 2019 05 31 POD2807 file01.CP305,7/16/2019,22,FALSE,3
Potomac 2019 05 31 POD2807 file01.CP306,7/16/2019,22,TRUE,1
Potomac 2019 05 31 POD2807 file01.CP307,7/16/2019,23,FALSE,1
Potomac 2019 05 31 POD2807 file01.CP308,7/17/2019,0,FALSE,15
Potomac 2019 05 31 POD2807 file01.CP309,7/17/2019,0,TRUE,9
Potomac 2019 05 31 POD2807 file01.CP310,7/17/2019,1,FALSE,25
Potomac 2019 05 31 POD2807 file01.CP311,7/17/2019,1,TRUE,25
Potomac 2019 05 31 POD2807 file01.CP312,7/17/2019,7,FALSE,3
Potomac 2019 05 31 POD2807 file01.CP313,7/17/2019,7,TRUE,3
Potomac 2019 05 31 POD2807 file01.CP314,7/17/2019,9,FALSE,6
Potomac 2019 05 31 POD2807 file01.CP315,7/17/2019,9,TRUE,5
Potomac 2019 05 31 POD2807 file01.CP316,7/17/2019,10,FALSE,10
Potomac 2019 05 31 POD2807 file01.CP317,7/17/2019,10,TRUE,33
Potomac 2019 05 31 POD2807 file01.CP318,7/17/2019,11,FALSE,13
Potomac 2019 05 31 POD2807 file01.CP319,7/17/2019,11,TRUE,42
Potomac 2019 05 31 POD2807 file01.CP320,7/17/2019,12,FALSE,8
Potomac 2019 05 31 POD2807 file01.CP321,7/17/2019,12,TRUE,50
Potomac 2019 05 31 POD2807 file01.CP322,7/17/2019,13,FALSE,14
Potomac 2019 05 31 POD2807 file01.CP323,7/17/2019,13,TRUE,43
Potomac 2019 05 31 POD2807 file01.CP324,7/17/2019,14,FALSE,4
Potomac 2019 05 31 POD2807 file01.CP325,7/17/2019,14,TRUE,7
Potomac 2019 05 31 POD2807 file01.CP326,7/17/2019,16,FALSE,9
Potomac 2019 05 31 POD2807 file01.CP327,7/17/2019,16,TRUE,4
Potomac 2019 05 31 POD2807 file01.CP328,7/17/2019,23,FALSE,4
Potomac 2019 05 31 POD2807 file01.CP329,7/18/2019,0,FALSE,18
Potomac 2019 05 31 POD2807 file01.CP330,7/18/2019,0,TRUE,17
Potomac 2019 05 31 POD2807 file01.CP331,7/18/2019,13,FALSE,11
Potomac 2019 05 31 POD2807 file01.CP332,7/18/2019,13,TRUE,3
Potomac 2019 05 31 POD2807 file01.CP333,7/18/2019,14,FALSE,21
Potomac 2019 05 31 POD2807 file01.CP334,7/18/2019,14,TRUE,15
Potomac 2019 05 31 POD2807 file01.CP335,7/18/2019,15,FALSE,10
Potomac 2019 05 31 POD2807 file01.CP336,7/18/2019,23,FALSE,12
Potomac 2019 05 31 POD2807 file01.CP337,7/18/2019,23,TRUE,21
Potomac 2019 05 31 POD2807 file01.CP338,7/19/2019,0,FALSE,8
Potomac 2019 05 31 POD2807 file01.CP339,7/19/2019,0,TRUE,3
Potomac 2019 05 31 POD2807 file01.CP340,7/19/2019,3,FALSE,8
Potomac 2019 05 31 POD2807 file01.CP341,7/19/2019,3,TRUE,2
Potomac 2019 05 31 POD2807 file01.CP342,7/19/2019,10,FALSE,1
Potomac 2019 05 31 POD2807 file01.CP343,7/19/2019,13,FALSE,11
Potomac 2019 05 31 POD2807 file01.CP344,7/19/2019,13,TRUE,15
Potomac 2019 05 31 POD2807 file01.CP345,7/19/2019,23,FALSE,2
Potomac 2019 05 31 POD2807 file01.CP346,7/19/2019,23,TRUE,1
Potomac 2019 05 31 POD2807 file01.CP347,7/20/2019,0,FALSE,20
Potomac 2019 05 31 POD2807 file01.CP348,7/20/2019,0,TRUE,9
Potomac 2019 05 31 POD2807 file01.CP349,7/20/2019,1,FALSE,29
Potomac 2019 05 31 POD2807 file01.CP350,7/20/2019,1,TRUE,19
Potomac 2019 05 31 POD2807 file01.CP351,7/20/2019,2,FALSE,6
Potomac 2019 05 31 POD2807 file01.CP352,7/20/2019,2,TRUE,50
Potomac 2019 05 31 POD2807 file01.CP353,7/20/2019,3,FALSE,8
Potomac 2019 05 31 POD2807 file01.CP354,7/20/2019,3,TRUE,9
Potomac 2019 05 31 POD2807 file01.CP355,7/20/2019,4,FALSE,5
Potomac 2019 05 31 POD2807 file01.CP356,7/20/2019,4,TRUE,16
Potomac 2019 05 31 POD2807 file01.CP357,7/20/2019,5,FALSE,2
Potomac 2019 05 31 POD2807 file01.CP358,7/20/2019,5,TRUE,1
Potomac 2019 05 31 POD2807 file01.CP359,7/20/2019,6,FALSE,2
Potomac 2019 05 31 POD2807 file01.CP360,7/20/2019,6,TRUE,1
Potomac 2019 05 31 POD2807 file01.CP361,7/20/2019,18,FALSE,12
Potomac 2019 05 31 POD2807 file01.CP362,7/20/2019,18,TRUE,10
Potomac 2019 05 31 POD2807 file01.CP363,7/20/2019,19,FALSE,11
Potomac 2019 05 31 POD2807 file01.CP364,7/20/2019,19,TRUE,9
Potomac 2019 05 31 POD2807 file01.CP365,7/21/2019,4,FALSE,6
Potomac 2019 05 31 POD2807 file01.CP366,7/21/2019,4,TRUE,9
Potomac 2019 05 31 POD2807 file01.CP367,7/21/2019,5,FALSE,5
Potomac 2019 05 31 POD2807 file01.CP368,7/21/2019,5,TRUE,2
Potomac 2019 05 31 POD2807 file01.CP369,7/21/2019,6,FALSE,4
Potomac 2019 05 31 POD2807 file01.CP370,7/21/2019,6,TRUE,2
Potomac 2019 05 31 POD2807 file01.CP371,7/22/2019,2,FALSE,29
Potomac 2019 05 31 POD2807 file01.CP372,7/22/2019,2,TRUE,21
Potomac 2019 05 31 POD2807 file01.CP373,7/23/2019,3,FALSE,4
Potomac 2019 05 31 POD2807 file01.CP374,7/23/2019,4,FALSE,8
Potomac 2019 05 31 POD2807 file01.CP375,7/23/2019,4,TRUE,19
Potomac 2019 05 31 POD2807 file01.CP376,7/23/2019,5,FALSE,9
Potomac 2019 05 31 POD2807 file01.CP377,7/23/2019,5,TRUE,20
Potomac 2019 05 31 POD2807 file01.CP378,7/23/2019,6,FALSE,6
Potomac 2019 05 31 POD2807 file01.CP379,7/23/2019,6,TRUE,8
Potomac 2019 05 31 POD2807 file01.CP380,7/23/2019,8,FALSE,8
Potomac 2019 05 31 POD2807 file01.CP381,7/23/2019,8,TRUE,6
Potomac 2019 05 31 POD2807 file01.CP382,7/25/2019,0,FALSE,8
Potomac 2019 05 31 POD2807 file01.CP383,7/25/2019,0,TRUE,1
Potomac 2019 05 31 POD2807 file01.CP384,7/25/2019,1,FALSE,11
Potomac 2019 05 31 POD2807 file01.CP385,7/25/2019,1,TRUE,1
Potomac 2019 05 31 POD2807 file01.CP386,7/25/2019,8,FALSE,2
Potomac 2019 05 31 POD2807 file01.CP387,7/25/2019,9,FALSE,3
Potomac 2019 05 31 POD2807 file01.CP388,7/25/2019,9,TRUE,1
Potomac 2019 05 31 POD2807 file01.CP389,7/25/2019,13,FALSE,8
Potomac 2019 05 31 POD2807 file01.CP390,7/25/2019,13,TRUE,22
Potomac 2019 05 31 POD2807 file01.CP391,7/25/2019,14,FALSE,3
Potomac 2019 05 31 POD2807 file01.CP392,7/25/2019,14,TRUE,3
Potomac 2019 05 31 POD2807 file01.CP393,7/25/2019,15,FALSE,2
Potomac 2019 05 31 POD2807 file01.CP394,7/25/2019,16,FALSE,5
Potomac 2019 05 31 POD2807 file01.CP395,7/25/2019,20,FALSE,22
Potomac 2019 05 31 POD2807 file01.CP396,7/25/2019,20,TRUE,17
Potomac 2019 05 31 POD2807 file01.CP397,7/25/2019,21,FALSE,15
Potomac 2019 05 31 POD2807 file01.CP398,7/25/2019,21,TRUE,20
Potomac 2019 05 31 POD2807 file01.CP399,7/25/2019,23,FALSE,7
Potomac 2019 05 31 POD2807 file01.CP400,7/25/2019,23,TRUE,12
Potomac 2019 05 31 POD2807 file01.CP401,7/26/2019,0,FALSE,12
Potomac 2019 05 31 POD2807 file01.CP402,7/26/2019,0,TRUE,5
Potomac 2019 05 31 POD2807 file01.CP403,7/26/2019,1,FALSE,11
Potomac 2019 05 31 POD2807 file01.CP404,7/26/2019,1,TRUE,2
Potomac 2019 05 31 POD2807 file01.CP405,7/26/2019,2,FALSE,5
Potomac 2019 05 31 POD2807 file01.CP406,7/26/2019,2,TRUE,1
Potomac 2019 05 31 POD2807 file01.CP407,7/26/2019,8,FALSE,2
Potomac 2019 05 31 POD2807 file01.CP408,7/26/2019,12,FALSE,1
Potomac 2019 05 31 POD2807 file01.CP409,7/26/2019,12,TRUE,8
Potomac 2019 05 31 POD2807 file01.CP410,7/26/2019,15,FALSE,1
Potomac 2019 05 31 POD2807 file01.CP411,7/26/2019,16,FALSE,29
Potomac 2019 05 31 POD2807 file01.CP412,7/26/2019,16,TRUE,26
Potomac 2019 05 31 POD2807 file01.CP413,7/26/2019,17,FALSE,24
Potomac 2019 05 31 POD2807 file01.CP414,7/26/2019,17,TRUE,14
Potomac 2019 05 31 POD2807 file01.CP415,7/26/2019,18,FALSE,1
Potomac 2019 05 31 POD2807 file01.CP416,7/26/2019,18,TRUE,1
Potomac 2019 05 31 POD2807 file01.CP417,7/26/2019,19,FALSE,7
Potomac 2019 05 31 POD2807 file01.CP418,7/26/2019,19,TRUE,15
Potomac 2019 05 31 POD2807 file01.CP419,7/26/2019,20,FALSE,13
Potomac 2019 05 31 POD2807 file01.CP420,7/26/2019,20,TRUE,47
Potomac 2019 05 31 POD2807 file01.CP421,7/26/2019,21,FALSE,8
Potomac 2019 05 31 POD2807 file01.CP422,7/26/2019,21,TRUE,49
Potomac 2019 05 31 POD2807 file01.CP423,7/26/2019,22,FALSE,19
Potomac 2019 05 31 POD2807 file01.CP424,7/26/2019,22,TRUE,36
Potomac 2019 05 31 POD2807 file01.CP425,7/26/2019,23,FALSE,10
Potomac 2019 05 31 POD2807 file01.CP426,7/26/2019,23,TRUE,30
Potomac 2019 05 31 POD2807 file01.CP427,7/27/2019,0,FALSE,12
Potomac 2019 05 31 POD2807 file01.CP428,7/27/2019,0,TRUE,15
Potomac 2019 05 31 POD2807 file01.CP429,7/27/2019,1,FALSE,3
Potomac 2019 05 31 POD2807 file01.CP430,7/27/2019,1,TRUE,1
Potomac 2019 05 31 POD2807 file01.CP431,7/27/2019,2,FALSE,1
Potomac 2019 05 31 POD2807 file01.CP432,7/27/2019,3,FALSE,13
Potomac 2019 05 31 POD2807 file01.CP433,7/27/2019,11,FALSE,1
Potomac 2019 05 31 POD2807 file01.CP434,7/27/2019,12,FALSE,3
Potomac 2019 05 31 POD2807 file01.CP435,7/27/2019,12,TRUE,1
Potomac 2019 05 31 POD2807 file01.CP436,7/27/2019,13,FALSE,5
Potomac 2019 05 31 POD2807 file01.CP437,7/27/2019,13,TRUE,11
Potomac 2019 05 31 POD2807 file01.CP438,7/27/2019,15,FALSE,1
Potomac 2019 05 31 POD2807 file01.CP439,7/27/2019,16,FALSE,4
Potomac 2019 05 31 POD2807 file01.CP440,7/27/2019,16,TRUE,5
Potomac 2019 05 31 POD2807 file01.CP441,7/27/2019,17,FALSE,7
Potomac 2019 05 31 POD2807 file01.CP442,7/27/2019,17,TRUE,1
Potomac 2019 05 31 POD2807 file01.CP443,7/27/2019,18,FALSE,13
Potomac 2019 05 31 POD2807 file01.CP444,7/27/2019,18,TRUE,7
Potomac 2019 05 31 POD2807 file01.CP445,7/27/2019,19,FALSE,9
Potomac 2019 05 31 POD2807 file01.CP446,7/27/2019,19,TRUE,13
Potomac 2019 05 31 POD2807 file01.CP447,7/27/2019,20,FALSE,13
Potomac 2019 05 31 POD2807 file01.CP448,7/27/2019,20,TRUE,23
Potomac 2019 05 31 POD2807 file01.CP449,7/27/2019,21,FALSE,22
Potomac 2019 05 31 POD2807 file01.CP450,7/27/2019,21,TRUE,18
Potomac 2019 05 31 POD2807 file01.CP451,7/27/2019,22,FALSE,9
Potomac 2019 05 31 POD2807 file01.CP452,7/27/2019,22,TRUE,4
Potomac 2019 05 31 POD2807 file01.CP453,7/27/2019,23,FALSE,4
Potomac 2019 05 31 POD2807 file01.CP454,7/27/2019,23,TRUE,3
Potomac 2019 05 31 POD2807 file01.CP455,7/28/2019,0,FALSE,29
Potomac 2019 05 31 POD2807 file01.CP456,7/28/2019,0,TRUE,9
Potomac 2019 05 31 POD2807 file01.CP457,7/28/2019,1,FALSE,26
Potomac 2019 05 31 POD2807 file01.CP458,7/28/2019,1,TRUE,13
Potomac 2019 05 31 POD2807 file01.CP459,7/28/2019,2,FALSE,17
Potomac 2019 05 31 POD2807 file01.CP460,7/28/2019,2,TRUE,5
Potomac 2019 05 31 POD2807 file01.CP461,7/28/2019,4,FALSE,6
Potomac 2019 05 31 POD2807 file01.CP462,7/28/2019,5,FALSE,30
Potomac 2019 05 31 POD2807 file01.CP463,7/28/2019,5,TRUE,13
Potomac 2019 05 31 POD2807 file01.CP464,7/28/2019,8,FALSE,9
Potomac 2019 05 31 POD2807 file01.CP465,7/28/2019,8,TRUE,2
Potomac 2019 05 31 POD2807 file01.CP466,7/28/2019,20,FALSE,6
Potomac 2019 05 31 POD2807 file01.CP467,7/28/2019,21,FALSE,14
Potomac 2019 05 31 POD2807 file01.CP468,7/28/2019,21,TRUE,30
Potomac 2019 05 31 POD2807 file01.CP469,7/29/2019,0,FALSE,11
Potomac 2019 05 31 POD2807 file01.CP470,7/29/2019,0,TRUE,4
Potomac 2019 05 31 POD2807 file01.CP471,7/29/2019,1,FALSE,11
Potomac 2019 05 31 POD2807 file01.CP472,7/29/2019,1,TRUE,15
Potomac 2019 05 31 POD2807 file01.CP473,7/29/2019,2,FALSE,2
Potomac 2019 05 31 POD2807 file01.CP474,7/29/2019,8,FALSE,7
Potomac 2019 05 31 POD2807 file01.CP475,7/29/2019,8,TRUE,2
Potomac 2019 05 31 POD2807 file01.CP476,7/29/2019,15,FALSE,5
Potomac 2019 05 31 POD2807 file01.CP477,7/29/2019,15,TRUE,7
Potomac 2019 05 31 POD2807 file01.CP478,7/29/2019,21,FALSE,16
Potomac 2019 05 31 POD2807 file01.CP479,7/29/2019,21,TRUE,19
Potomac 2019 05 31 POD2807 file01.CP480,7/29/2019,22,FALSE,2
Potomac 2019 05 31 POD2807 file01.CP481,7/29/2019,22,TRUE,1
Potomac 2019 05 31 POD2807 file01.CP482,7/30/2019,3,FALSE,22
Potomac 2019 05 31 POD2807 file01.CP483,7/30/2019,3,TRUE,7
Potomac 2019 05 31 POD2807 file01.CP484,7/30/2019,4,FALSE,1
Potomac 2019 05 31 POD2807 file01.CP485,7/30/2019,5,FALSE,4
Potomac 2019 05 31 POD2807 file01.CP486,7/30/2019,20,FALSE,5
Potomac 2019 05 31 POD2807 file01.CP487,7/30/2019,20,TRUE,8
Potomac 2019 05 31 POD2807 file01.CP488,7/31/2019,11,TRUE,2
Potomac 2019 05 31 POD2807 file01.CP489,7/31/2019,12,FALSE,5
Potomac 2019 05 31 POD2807 file01.CP490,7/31/2019,12,TRUE,20
Potomac 2019 05 31 POD2807 file01.CP491,7/31/2019,21,FALSE,8
Potomac 2019 05 31 POD2807 file01.CP492,7/31/2019,21,TRUE,9
Potomac 2019 05 31 POD2807 file01.CP493,8/1/2019,0,FALSE,26
Potomac 2019 05 31 POD2807 file01.CP494,8/1/2019,0,TRUE,1
Potomac 2019 05 31 POD2807 file01.CP495,8/1/2019,1,FALSE,11
Potomac 2019 05 31 POD2807 file01.CP496,8/1/2019,1,TRUE,1
Potomac 2019 05 31 POD2807 file01.CP497,8/1/2019,16,FALSE,5
Potomac 2019 05 31 POD2807 file01.CP498,8/1/2019,16,TRUE,19
Potomac 2019 05 31 POD2807 file01.CP499,8/1/2019,17,FALSE,1
Potomac 2019 05 31 POD2807 file01.CP500,8/1/2019,19,FALSE,1
Potomac 2019 05 31 POD2807 file01.CP501,8/1/2019,21,FALSE,18
Potomac 2019 05 31 POD2807 file01.CP502,8/1/2019,21,TRUE,2
Potomac 2019 05 31 POD2807 file01.CP503,8/1/2019,22,FALSE,17
Potomac 2019 05 31 POD2807 file01.CP504,8/2/2019,1,FALSE,20
Potomac 2019 05 31 POD2807 file01.CP505,8/2/2019,1,TRUE,27
Potomac 2019 05 31 POD2807 file01.CP506,8/2/2019,2,FALSE,23
Potomac 2019 05 31 POD2807 file01.CP507,8/2/2019,2,TRUE,33
Potomac 2019 05 31 POD2807 file01.CP508,8/2/2019,3,FALSE,14
Potomac 2019 05 31 POD2807 file01.CP509,8/2/2019,3,TRUE,29
Potomac 2019 05 31 POD2807 file01.CP510,8/2/2019,4,FALSE,5
Potomac 2019 05 31 POD2807 file01.CP511,8/2/2019,17,FALSE,2
Potomac 2019 05 31 POD2807 file01.CP512,8/2/2019,21,FALSE,5
Potomac 2019 05 31 POD2807 file01.CP513,8/2/2019,21,TRUE,13
Potomac 2019 05 31 POD2807 file01.CP514,8/2/2019,22,FALSE,10
Potomac 2019 05 31 POD2807 file01.CP515,8/2/2019,22,TRUE,6
Potomac 2019 05 31 POD2807 file01.CP516,8/3/2019,3,FALSE,3
Potomac 2019 05 31 POD2807 file01.CP517,8/3/2019,3,TRUE,7
Potomac 2019 05 31 POD2807 file01.CP518,8/3/2019,4,FALSE,6
Potomac 2019 05 31 POD2807 file01.CP519,8/3/2019,4,TRUE,12
Potomac 2019 05 31 POD2807 file01.CP520,8/3/2019,11,TRUE,1
Potomac 2019 05 31 POD2807 file01.CP521,8/3/2019,12,FALSE,16
Potomac 2019 05 31 POD2807 file01.CP522,8/3/2019,12,TRUE,25
Potomac 2019 05 31 POD2807 file01.CP523,8/3/2019,13,FALSE,15
Potomac 2019 05 31 POD2807 file01.CP524,8/3/2019,13,TRUE,34
Potomac 2019 05 31 POD2807 file01.CP525,8/3/2019,14,FALSE,17
Potomac 2019 05 31 POD2807 file01.CP526,8/3/2019,14,TRUE,37
Potomac 2019 05 31 POD2807 file01.CP527,8/3/2019,15,FALSE,18
Potomac 2019 05 31 POD2807 file01.CP528,8/3/2019,15,TRUE,11
Potomac 2019 05 31 POD2807 file01.CP529,8/3/2019,16,FALSE,3
Potomac 2019 05 31 POD2807 file01.CP530,8/3/2019,16,TRUE,4
Potomac 2019 05 31 POD2807 file01.CP531,8/3/2019,22,FALSE,7
Potomac 2019 05 31 POD2807 file01.CP532,8/3/2019,22,TRUE,21
Potomac 2019 05 31 POD2807 file01.CP533,8/3/2019,23,FALSE,10
Potomac 2019 05 31 POD2807 file01.CP534,8/3/2019,23,TRUE,31
Potomac 2019 05 31 POD2807 file01.CP535,8/4/2019,0,FALSE,3
Potomac 2019 05 31 POD2807 file01.CP536,8/4/2019,1,FALSE,2
Potomac 2019 05 31 POD2807 file01.CP537,8/4/2019,1,TRUE,6
Potomac 2019 05 31 POD2807 file01.CP538,8/4/2019,2,FALSE,12
Potomac 2019 05 31 POD2807 file01.CP539,8/4/2019,2,TRUE,9
Potomac 2019 05 31 POD2807 file01.CP540,8/4/2019,3,FALSE,1
Potomac 2019 05 31 POD2807 file01.CP541,8/4/2019,4,FALSE,1
Potomac 2019 05 31 POD2807 file01.CP542,8/4/2019,6,FALSE,1
Potomac 2019 05 31 POD2807 file01.CP543,8/4/2019,19,FALSE,6
Potomac 2019 05 31 POD2807 file01.CP544,8/4/2019,19,TRUE,5
Potomac 2019 05 31 POD2807 file01.CP545,8/4/2019,20,FALSE,2
Potomac 2019 05 31 POD2807 file01.CP546,8/4/2019,20,TRUE,3
Potomac 2019 05 31 POD2807 file01.CP547,8/4/2019,21,FALSE,2
Potomac 2019 05 31 POD2807 file01.CP548,8/4/2019,21,TRUE,1
Potomac 2019 05 31 POD2807 file01.CP549,8/4/2019,23,FALSE,2
Potomac 2019 05 31 POD2807 file01.CP550,8/5/2019,2,FALSE,14
Potomac 2019 05 31 POD2807 file01.CP551,8/5/2019,2,TRUE,10
Potomac 2019 05 31 POD2807 file01.CP552,8/5/2019,3,FALSE,17
Potomac 2019 05 31 POD2807 file01.CP553,8/5/2019,3,TRUE,38
Potomac 2019 05 31 POD2807 file01.CP554,8/5/2019,4,FALSE,10
Potomac 2019 05 31 POD2807 file01.CP555,8/5/2019,4,TRUE,8
Potomac 2019 05 31 POD2807 file01.CP556,8/5/2019,13,FALSE,1
Potomac 2019 05 31 POD2807 file01.CP557,8/5/2019,13,TRUE,5
Potomac 2019 05 31 POD2807 file01.CP558,8/5/2019,17,TRUE,1
Potomac 2019 05 31 POD2807 file01.CP559,8/5/2019,18,FALSE,5
Potomac 2019 05 31 POD2807 file01.CP560,8/5/2019,18,TRUE,3
Potomac 2019 05 31 POD2807 file01.CP561,8/6/2019,1,FALSE,4
Potomac 2019 05 31 POD2807 file01.CP562,8/6/2019,1,TRUE,1
Potomac 2019 05 31 POD2807 file01.CP563,8/6/2019,2,FALSE,3
Potomac 2019 05 31 POD2807 file01.CP564,8/6/2019,5,FALSE,7
Potomac 2019 05 31 POD2807 file01.CP565,8/6/2019,6,FALSE,7
Potomac 2019 05 31 POD2807 file01.CP566,8/6/2019,6,TRUE,15
Potomac 2019 05 31 POD2807 file01.CP567,8/6/2019,19,FALSE,3
Potomac 2019 05 31 POD2807 file01.CP568,8/6/2019,19,TRUE,2
Potomac 2019 05 31 POD2807 file01.CP569,8/6/2019,20,FALSE,5
Potomac 2019 05 31 POD2807 file01.CP570,8/6/2019,20,TRUE,4
Potomac 2019 05 31 POD2807 file01.CP571,8/6/2019,21,FALSE,18
Potomac 2019 05 31 POD2807 file01.CP572,8/6/2019,21,TRUE,26
Potomac 2019 05 31 POD2807 file01.CP573,8/6/2019,23,FALSE,11
Potomac 2019 05 31 POD2807 file01.CP574,8/6/2019,23,TRUE,1
Potomac 2019 05 31 POD2807 file01.CP575,8/7/2019,0,FALSE,15
Potomac 2019 05 31 POD2807 file01.CP576,8/7/2019,0,TRUE,33
Potomac 2019 05 31 POD2807 file01.CP577,8/7/2019,1,FALSE,14
Potomac 2019 05 31 POD2807 file01.CP578,8/7/2019,1,TRUE,43
Potomac 2019 05 31 POD2807 file01.CP579,8/7/2019,2,FALSE,9
Potomac 2019 05 31 POD2807 file01.CP580,8/7/2019,2,TRUE,14
Potomac 2019 05 31 POD2807 file01.CP581,8/7/2019,7,FALSE,1
Potomac 2019 05 31 POD2807 file01.CP582,8/7/2019,7,TRUE,4
Potomac 2019 05 31 POD2807 file01.CP583,8/7/2019,8,FALSE,7
Potomac 2019 05 31 POD2807 file01.CP584,8/7/2019,8,TRUE,18
Potomac 2019 05 31 POD2807 file01.CP585,8/8/2019,7,FALSE,2
Potomac 2019 05 31 POD2807 file01.CP586,8/8/2019,7,TRUE,7
Potomac 2019 05 31 POD2807 file01.CP587,8/8/2019,8,FALSE,5
Potomac 2019 05 31 POD2807 file01.CP588,8/8/2019,8,TRUE,9
Potomac 2019 05 31 POD2807 file01.CP589,8/8/2019,9,TRUE,12
Potomac 2019 05 31 POD2807 file01.CP590,8/8/2019,16,FALSE,4
Potomac 2019 05 31 POD2807 file01.CP591,8/8/2019,19,FALSE,7
Potomac 2019 05 31 POD2807 file01.CP592,8/8/2019,19,TRUE,2
Potomac 2019 05 31 POD2807 file01.CP593,8/8/2019,20,FALSE,21
Potomac 2019 05 31 POD2807 file01.CP594,8/8/2019,20,TRUE,19
Potomac 2019 05 31 POD2807 file01.CP595,8/8/2019,21,FALSE,12
Potomac 2019 05 31 POD2807 file01.CP596,8/8/2019,21,TRUE,4
Potomac 2019 05 31 POD2807 file01.CP597,8/9/2019,1,FALSE,9
Potomac 2019 05 31 POD2807 file01.CP598,8/9/2019,1,TRUE,1
Potomac 2019 05 31 POD2807 file01.CP599,8/9/2019,2,FALSE,6
Potomac 2019 05 31 POD2807 file01.CP600,8/9/2019,8,FALSE,1
Potomac 2019 05 31 POD2807 file01.CP601,8/9/2019,21,FALSE,16
Potomac 2019 05 31 POD2807 file01.CP602,8/9/2019,21,TRUE,1
Potomac 2019 05 31 POD2807 file01.CP603,8/9/2019,22,FALSE,30
Potomac 2019 05 31 POD2807 file01.CP604,8/9/2019,22,TRUE,4
Potomac 2019 05 31 POD2807 file01.CP605,8/10/2019,3,FALSE,2
Potomac 2019 05 31 POD2807 file01.CP606,8/10/2019,3,TRUE,3
Potomac 2019 05 31 POD2807 file01.CP607,8/10/2019,4,FALSE,11
Potomac 2019 05 31 POD2807 file01.CP608,8/10/2019,4,TRUE,10
Potomac 2019 05 31 POD2807 file01.CP609,8/10/2019,6,FALSE,8
Potomac 2019 05 31 POD2807 file01.CP610,8/10/2019,6,TRUE,3
Potomac 2019 05 31 POD2807 file01.CP611,8/10/2019,14,FALSE,5
Potomac 2019 05 31 POD2807 file01.CP612,8/10/2019,14,TRUE,10
Potomac 2019 05 31 POD2807 file01.CP613,8/10/2019,18,FALSE,1
Potomac 2019 05 31 POD2807 file01.CP614,8/10/2019,20,FALSE,13
Potomac 2019 05 31 POD2807 file01.CP615,8/10/2019,20,TRUE,11
Potomac 2019 05 31 POD2807 file01.CP616,8/10/2019,21,FALSE,1
Potomac 2019 05 31 POD2807 file01.CP617,8/10/2019,21,TRUE,1
Potomac 2019 05 31 POD2807 file01.CP618,8/10/2019,23,FALSE,2
Potomac 2019 05 31 POD2807 file01.CP619,8/11/2019,1,FALSE,2
Potomac 2019 05 31 POD2807 file01.CP620,8/11/2019,1,TRUE,3
Potomac 2019 05 31 POD2807 file01.CP621,8/12/2019,3,FALSE,6
Potomac 2019 05 31 POD2807 file01.CP622,8/12/2019,3,TRUE,3
Potomac 2019 05 31 POD2807 file01.CP623,8/12/2019,6,FALSE,9
Potomac 2019 05 31 POD2807 file01.CP624,8/12/2019,6,TRUE,2
Potomac 2019 05 31 POD2807 file01.CP625,8/12/2019,23,FALSE,15
Potomac 2019 05 31 POD2807 file01.CP626,8/12/2019,23,TRUE,8
Potomac 2019 05 31 POD2807 file01.CP627,8/13/2019,0,FALSE,12
Potomac 2019 05 31 POD2807 file01.CP628,8/13/2019,0,TRUE,8
Potomac 2019 05 31 POD2807 file01.CP629,8/13/2019,2,FALSE,10
Potomac 2019 05 31 POD2807 file01.CP630,8/13/2019,2,TRUE,8
Potomac 2019 05 31 POD2807 file01.CP631,8/13/2019,4,FALSE,7
Potomac 2019 05 31 POD2807 file01.CP632,8/13/2019,4,TRUE,3
Potomac 2019 05 31 POD2807 file01.CP633,8/13/2019,6,TRUE,1
Potomac 2019 05 31 POD2807 file01.CP634,8/13/2019,14,FALSE,1
Potomac 2019 05 31 POD2807 file01.CP635,8/13/2019,21,FALSE,11
Potomac 2019 05 31 POD2807 file01.CP636,8/13/2019,21,TRUE,6
Potomac 2019 05 31 POD2807 file01.CP637,8/14/2019,0,FALSE,14
Potomac 2019 05 31 POD2807 file01.CP638,8/14/2019,0,TRUE,27
Potomac 2019 05 31 POD2807 file01.CP639,8/14/2019,1,FALSE,17
Potomac 2019 05 31 POD2807 file01.CP640,8/14/2019,1,TRUE,18
Potomac 2019 05 31 POD2807 file01.CP641,8/14/2019,2,FALSE,18
Potomac 2019 05 31 POD2807 file01.CP642,8/14/2019,2,TRUE,11
Potomac 2019 05 31 POD2807 file01.CP643,8/14/2019,3,FALSE,3
Potomac 2019 05 31 POD2807 file01.CP644,8/14/2019,3,TRUE,6
Potomac 2019 05 31 POD2807 file01.CP645,8/14/2019,8,FALSE,15
Potomac 2019 05 31 POD2807 file01.CP646,8/14/2019,8,TRUE,2
Potomac 2019 05 31 POD2807 file01.CP647,8/14/2019,12,FALSE,3
Potomac 2019 05 31 POD2807 file01.CP648,8/15/2019,9,FALSE,1
Potomac 2019 05 31 POD2807 file01.CP649,8/15/2019,11,FALSE,2
Potomac 2019 05 31 POD2807 file01.CP650,8/15/2019,14,FALSE,2
Potomac 2019 05 31 POD2807 file01.CP651,8/15/2019,21,FALSE,17
Potomac 2019 05 31 POD2807 file01.CP652,8/15/2019,21,TRUE,12
Potomac 2019 05 31 POD2807 file01.CP653,8/16/2019,1,FALSE,2
Potomac 2019 05 31 POD2807 file01.CP654,8/16/2019,1,TRUE,3
Potomac 2019 05 31 POD2807 file01.CP655,8/16/2019,2,FALSE,3
Potomac 2019 05 31 POD2807 file01.CP656,8/16/2019,2,TRUE,4
Potomac 2019 05 31 POD2807 file01.CP657,8/16/2019,4,FALSE,6
Potomac 2019 05 31 POD2807 file01.CP658,8/16/2019,4,TRUE,1
Potomac 2019 05 31 POD2807 file01.CP659,8/16/2019,21,FALSE,14
Potomac 2019 05 31 POD2807 file01.CP660,8/16/2019,21,TRUE,19
Potomac 2019 05 31 POD2807 file01.CP661,8/16/2019,22,FALSE,6
Potomac 2019 05 31 POD2807 file01.CP662,8/16/2019,22,TRUE,40
Potomac 2019 05 31 POD2807 file01.CP663,8/17/2019,0,FALSE,9
Potomac 2019 05 31 POD2807 file01.CP664,8/17/2019,0,TRUE,8
Potomac 2019 05 31 POD2807 file01.CP665,8/17/2019,1,FALSE,31
Potomac 2019 05 31 POD2807 file01.CP666,8/17/2019,1,TRUE,23
Potomac 2019 05 31 POD2807 file01.CP667,8/17/2019,2,FALSE,25
Potomac 2019 05 31 POD2807 file01.CP668,8/17/2019,2,TRUE,7
Potomac 2019 05 31 POD2807 file01.CP669,8/17/2019,4,FALSE,15
Potomac 2019 05 31 POD2807 file01.CP670,8/17/2019,4,TRUE,8
Potomac 2019 05 31 POD2807 file01.CP671,8/17/2019,5,FALSE,14
Potomac 2019 05 31 POD2807 file01.CP672,8/17/2019,16,FALSE,1
Potomac 2019 05 31 POD2807 file01.CP673,8/17/2019,16,TRUE,2
Potomac 2019 05 31 POD2807 file01.CP674,8/17/2019,21,FALSE,26
Potomac 2019 05 31 POD2807 file01.CP675,8/17/2019,21,TRUE,12
Potomac 2019 05 31 POD2807 file01.CP676,8/17/2019,22,FALSE,19
Potomac 2019 05 31 POD2807 file01.CP677,8/17/2019,22,TRUE,16
Potomac 2019 05 31 POD2807 file01.CP678,8/17/2019,23,FALSE,30
Potomac 2019 05 31 POD2807 file01.CP679,8/17/2019,23,TRUE,13
Potomac 2019 05 31 POD2807 file01.CP680,8/18/2019,0,FALSE,9
Potomac 2019 05 31 POD2807 file01.CP681,8/18/2019,1,FALSE,3
Potomac 2019 05 31 POD2807 file01.CP682,8/18/2019,3,FALSE,8
Potomac 2019 05 31 POD2807 file01.CP683,8/18/2019,3,TRUE,5
Potomac 2019 05 31 POD2807 file01.CP684,8/18/2019,5,FALSE,3
Potomac 2019 05 31 POD2807 file01.CP685,8/18/2019,6,FALSE,1
Potomac 2019 05 31 POD2807 file01.CP686,8/18/2019,14,TRUE,1
Potomac 2019 05 31 POD2807 file01.CP687,8/19/2019,1,FALSE,18
Potomac 2019 05 31 POD2807 file01.CP688,8/19/2019,1,TRUE,25
Potomac 2019 05 31 POD2807 file01.CP689,8/19/2019,2,FALSE,23
Potomac 2019 05 31 POD2807 file01.CP690,8/19/2019,2,TRUE,27
Potomac 2019 05 31 POD2807 file01.CP691,8/19/2019,3,FALSE,15
Potomac 2019 05 31 POD2807 file01.CP692,8/19/2019,3,TRUE,5
Potomac 2019 05 31 POD2807 file01.CP693,8/19/2019,4,FALSE,6
Potomac 2019 05 31 POD2807 file01.CP694,8/19/2019,4,TRUE,16
Potomac 2019 05 31 POD2807 file01.CP695,8/19/2019,6,FALSE,5
Potomac 2019 05 31 POD2807 file01.CP696,8/19/2019,17,FALSE,1
Potomac 2019 05 31 POD2807 file01.CP697,8/19/2019,17,TRUE,1
Potomac 2019 05 31 POD2807 file01.CP698,8/20/2019,1,FALSE,1
Potomac 2019 05 31 POD2807 file01.CP699,8/20/2019,6,FALSE,3
Potomac 2019 05 31 POD2807 file01.CP700,8/20/2019,8,FALSE,2
Potomac 2019 05 31 POD2807 file01.CP701,8/21/2019,0,FALSE,9
Potomac 2019 05 31 POD2807 file01.CP702,8/21/2019,1,FALSE,5
Potomac 2019 05 31 POD2807 file01.CP703,8/21/2019,1,TRUE,1
Potomac 2019 05 31 POD2807 file01.CP704,8/21/2019,2,FALSE,12
Potomac 2019 05 31 POD2807 file01.CP705,8/21/2019,7,FALSE,2
Potomac 2019 05 31 POD2807 file01.CP706,8/21/2019,14,FALSE,5
Potomac 2019 05 31 POD2807 file01.CP707,8/21/2019,18,FALSE,1
Potomac 2019 05 31 POD2807 file01.CP708,8/21/2019,19,FALSE,7
Potomac 2019 05 31 POD2807 file01.CP709,8/22/2019,5,FALSE,3
Potomac 2019 05 31 POD2807 file01.CP710,8/22/2019,5,TRUE,4
Potomac 2019 05 31 POD2807 file01.CP711,8/22/2019,6,FALSE,4
Potomac 2019 05 31 POD2807 file01.CP712,8/22/2019,6,TRUE,1
Potomac 2019 05 31 POD2807 file01.CP713,8/22/2019,22,FALSE,8
Potomac 2019 05 31 POD2807 file01.CP714,8/22/2019,22,TRUE,2
Potomac 2019 05 31 POD2807 file01.CP715,8/22/2019,23,FALSE,3
Potomac 2019 05 31 POD2807 file01.CP716,8/23/2019,0,FALSE,5
Potomac 2019 05 31 POD2807 file01.CP717,8/23/2019,1,FALSE,2
Potomac 2019 05 31 POD2807 file01.CP718,8/23/2019,2,FALSE,3
Potomac 2019 05 31 POD2807 file01.CP719,8/23/2019,3,FALSE,16
Potomac 2019 05 31 POD2807 file01.CP720,8/23/2019,3,TRUE,8
Potomac 2019 05 31 POD2807 file01.CP721,8/23/2019,4,FALSE,8
Potomac 2019 05 31 POD2807 file01.CP722,8/23/2019,4,TRUE,8
Potomac 2019 05 31 POD2807 file01.CP723,8/23/2019,5,FALSE,10
Potomac 2019 05 31 POD2807 file01.CP724,8/23/2019,5,TRUE,8
Potomac 2019 05 31 POD2807 file01.CP725,8/23/2019,10,FALSE,12
Potomac 2019 05 31 POD2807 file01.CP726,8/23/2019,10,TRUE,2
Potomac 2019 05 31 POD2807 file01.CP727,8/23/2019,12,FALSE,1
Potomac 2019 05 31 POD2807 file01.CP728,8/23/2019,12,TRUE,2
Potomac 2019 05 31 POD2807 file01.CP729,8/23/2019,13,FALSE,3
Potomac 2019 05 31 POD2807 file01.CP730,8/24/2019,0,FALSE,2
Potomac 2019 05 31 POD2807 file01.CP731,8/27/2019,2,FALSE,4
Potomac 2019 05 31 POD2807 file01.CP732,8/27/2019,3,FALSE,22
Potomac 2019 05 31 POD2807 file01.CP733,8/27/2019,3,TRUE,25
Potomac 2019 05 31 POD2807 file01.CP734,8/27/2019,4,FALSE,10
Potomac 2019 05 31 POD2807 file01.CP735,8/27/2019,4,TRUE,10
Potomac 2019 05 31 POD2807 file01.CP736,8/27/2019,5,TRUE,2
Potomac 2019 05 31 POD2807 file01.CP737,8/28/2019,2,FALSE,4
Potomac 2019 05 31 POD2807 file01.CP738,8/28/2019,2,TRUE,1
Potomac 2019 05 31 POD2807 file01.CP739,8/28/2019,5,FALSE,1
Potomac 2019 05 31 POD2807 file01.CP740,8/28/2019,8,FALSE,13
Potomac 2019 05 31 POD2807 file01.CP741,8/28/2019,8,TRUE,4
Potomac 2019 05 31 POD2807 file01.CP742,8/30/2019,1,FALSE,1
Potomac 2019 05 31 POD2807 file01.CP743,8/30/2019,2,FALSE,17
Potomac 2019 05 31 POD2807 file01.CP744,8/30/2019,3,FALSE,10
Potomac 2019 05 31 POD2807 file01.CP745,8/30/2019,3,TRUE,3
Potomac 2019 05 31 POD2807 file01.CP746,8/30/2019,5,FALSE,8
Potomac 2019 05 31 POD2807 file01.CP747,8/30/2019,5,TRUE,2
Potomac 2019 05 31 POD2807 file01.CP748,8/30/2019,6,FALSE,11
Potomac 2019 05 31 POD2807 file01.CP749,8/30/2019,6,TRUE,8
Potomac 2019 05 31 POD2807 file01.CP750,9/1/2019,0,FALSE,1
Potomac 2019 05 31 POD2807 file01.CP751,9/1/2019,3,FALSE,8
Potomac 2019 05 31 POD2807 file01.CP752,9/1/2019,3,TRUE,7
Potomac 2019 05 31 POD2807 file01.CP753,9/1/2019,4,FALSE,11
Potomac 2019 05 31 POD2807 file01.CP754,9/1/2019,4,TRUE,5
Potomac 2019 05 31 POD2807 file01.CP755,9/1/2019,13,FALSE,1
Potomac 2019 05 31 POD2807 file01.CP756,9/2/2019,0,FALSE,4
Potomac 2019 05 31 POD2807 file01.CP757,9/2/2019,5,FALSE,1
Potomac 2019 05 31 POD2807 file01.CP758,9/2/2019,6,FALSE,1
Potomac 2019 05 31 POD2807 file01.CP759,9/2/2019,8,FALSE,5
Potomac 2019 05 31 POD2807 file01.CP760,9/2/2019,8,TRUE,6
Potomac 2019 05 31 POD2807 file01.CP761,9/3/2019,17,FALSE,16
Potomac 2019 05 31 POD2807 file01.CP762,9/3/2019,18,FALSE,7
Potomac 2019 05 31 POD2807 file01.CP763,9/4/2019,4,FALSE,15
Potomac 2019 05 31 POD2807 file01.CP764,9/5/2019,2,FALSE,8
Potomac 2019 05 31 POD2807 file01.CP765,9/5/2019,2,TRUE,2
Potomac 2019 05 31 POD2807 file01.CP766,9/5/2019,10,FALSE,1
Potomac 2019 05 31 POD2807 file01.CP767,9/5/2019,13,FALSE,1
Potomac 2019 05 31 POD2807 file01.CP768,9/5/2019,21,FALSE,6
Potomac 2019 05 31 POD2807 file01.CP769,9/6/2019,5,FALSE,1
Potomac 2019 05 31 POD2807 file01.CP770,9/6/2019,11,FALSE,1
Potomac 2019 05 31 POD2807 file01.CP771,9/6/2019,14,FALSE,1
Potomac 2019 05 31 POD2807 file01.CP772,9/6/2019,22,FALSE,3
Potomac 2019 05 31 POD2807 file01.CP773,9/6/2019,22,TRUE,1
Potomac 2019 05 31 POD2807 file01.CP774,9/7/2019,0,FALSE,23
Potomac 2019 05 31 POD2807 file01.CP775,9/7/2019,0,TRUE,1
Potomac 2019 05 31 POD2807 file01.CP776,9/7/2019,3,FALSE,7
Potomac 2019 05 31 POD2807 file01.CP777,9/7/2019,3,TRUE,6
Potomac 2019 05 31 POD2807 file01.CP778,9/7/2019,6,FALSE,5
Potomac 2019 05 31 POD2807 file01.CP779,9/7/2019,6,TRUE,1
Potomac 2019 05 31 POD2807 file01.CP780,9/7/2019,7,FALSE,6
Potomac 2019 05 31 POD2807 file01.CP781,9/7/2019,7,TRUE,5
Potomac 2019 05 31 POD2807 file01.CP782,9/8/2019,0,FALSE,5
Potomac 2019 05 31 POD2807 file01.CP783,9/8/2019,1,FALSE,1
Potomac 2019 05 31 POD2807 file01.CP784,9/8/2019,1,TRUE,1
Potomac 2019 05 31 POD2807 file01.CP785,9/8/2019,3,FALSE,9
Potomac 2019 05 31 POD2807 file01.CP786,9/8/2019,4,FALSE,11
Potomac 2019 05 31 POD2807 file01.CP787,9/8/2019,4,TRUE,4
Potomac 2019 05 31 POD2807 file01.CP788,9/8/2019,5,FALSE,18
Potomac 2019 05 31 POD2807 file01.CP789,9/8/2019,5,TRUE,20
Potomac 2019 05 31 POD2807 file01.CP790,9/8/2019,6,FALSE,10
Potomac 2019 05 31 POD2807 file01.CP791,9/8/2019,6,TRUE,2
Potomac 2019 05 31 POD2807 file01.CP792,9/9/2019,0,FALSE,9
Potomac 2019 05 31 POD2807 file01.CP793,9/9/2019,3,FALSE,29
Potomac 2019 05 31 POD2807 file01.CP794,9/9/2019,3,TRUE,1
Potomac 2019 05 31 POD2807 file01.CP795,9/9/2019,4,FALSE,5
Potomac 2019 05 31 POD2807 file01.CP796,9/9/2019,4,TRUE,2
Potomac 2019 05 31 POD2807 file01.CP797,9/9/2019,5,FALSE,10
Potomac 2019 05 31 POD2807 file01.CP798,9/9/2019,5,TRUE,17
Potomac 2019 05 31 POD2807 file01.CP799,9/11/2019,0,FALSE,2
Potomac 2019 05 31 POD2807 file01.CP800,9/11/2019,0,TRUE,1
Potomac 2019 05 31 POD2807 file01.CP801,9/11/2019,3,FALSE,12
Potomac 2019 05 31 POD2807 file01.CP802,9/11/2019,3,TRUE,16
Potomac 2019 05 31 POD2807 file01.CP803,9/11/2019,4,FALSE,10
Potomac 2019 05 31 POD2807 file01.CP804,9/11/2019,4,TRUE,5
Potomac 2019 05 31 POD2807 file01.CP805,9/11/2019,5,FALSE,8
Potomac 2019 05 31 POD2807 file01.CP806,9/11/2019,5,TRUE,4
Potomac 2019 05 31 POD2807 file01.CP807,9/11/2019,6,FALSE,1
Potomac 2019 05 31 POD2807 file01.CP808,9/11/2019,8,FALSE,3
Potomac 2019 05 31 POD2807 file01.CP809,9/11/2019,8,TRUE,1
Potomac 2019 05 31 POD2807 file01.CP810,9/11/2019,20,FALSE,1
Potomac 2019 05 31 POD2807 file01.CP811,9/11/2019,23,FALSE,10
Potomac 2019 05 31 POD2807 file01.CP812,9/11/2019,23,TRUE,3
Potomac 2019 05 31 POD2807 file01.CP813,9/12/2019,8,FALSE,9
Potomac 2019 05 31 POD2807 file01.CP814,9/12/2019,8,TRUE,2
Potomac 2019 05 31 POD2807 file01.CP815,9/12/2019,9,FALSE,1
Potomac 2019 05 31 POD2807 file01.CP816,9/12/2019,9,TRUE,1
Potomac 2019 05 31 POD2807 file01.CP817,9/12/2019,11,FALSE,1
Potomac 2019 05 31 POD2807 file01.CP818,9/12/2019,11,TRUE,1
Potomac 2019 05 31 POD2807 file01.CP819,9/13/2019,0,FALSE,2
Potomac 2019 05 31 POD2807 file01.CP820,9/13/2019,5,FALSE,3
Potomac 2019 05 31 POD2807 file01.CP821,9/13/2019,12,FALSE,6
Potomac 2019 05 31 POD2807 file01.CP822,9/13/2019,13,FALSE,11
Potomac 2019 05 31 POD2807 file01.CP823,9/13/2019,13,TRUE,5
Potomac 2019 05 31 POD2807 file01.CP824,9/13/2019,15,TRUE,3
Potomac 2019 05 31 POD2807 file01.CP825,9/14/2019,17,FALSE,1
Potomac 2019 05 31 POD2807 file01.CP826,9/14/2019,22,FALSE,5
Potomac 2019 05 31 POD2807 file01.CP827,9/14/2019,22,TRUE,21
Potomac 2019 05 31 POD2807 file01.CP828,9/14/2019,23,FALSE,2
Potomac 2019 05 31 POD2807 file01.CP829,9/14/2019,23,TRUE,4
Potomac 2019 05 31 POD2807 file01.CP830,9/15/2019,3,FALSE,2
Potomac 2019 05 31 POD2807 file01.CP831,9/15/2019,3,TRUE,1
Potomac 2019 05 31 POD2807 file01.CP832,9/15/2019,22,FALSE,4
Potomac 2019 05 31 POD2807 file01.CP833,9/15/2019,22,TRUE,3
Potomac 2019 05 31 POD2807 file01.CP834,9/16/2019,4,FALSE,23
Potomac 2019 05 31 POD2807 file01.CP835,9/16/2019,4,TRUE,26
Potomac 2019 05 31 POD2807 file01.CP836,9/16/2019,5,FALSE,20
Potomac 2019 05 31 POD2807 file01.CP837,9/16/2019,5,TRUE,17
Potomac 2019 05 31 POD2807 file01.CP838,9/16/2019,6,FALSE,14
Potomac 2019 05 31 POD2807 file01.CP839,9/16/2019,6,TRUE,11
Potomac 2019 05 31 POD2807 file01.CP840,9/16/2019,13,FALSE,12
Potomac 2019 05 31 POD2807 file01.CP841,9/17/2019,8,FALSE,1
Potomac 2019 05 31 POD2807 file01.CP842,9/18/2019,1,FALSE,2
Potomac 2019 05 31 POD2807 file01.CP843,9/19/2019,16,FALSE,21
Potomac 2019 05 31 POD2807 file01.CP844,9/19/2019,16,TRUE,2
Potomac 2019 05 31 POD2807 file01.CP845,9/19/2019,17,FALSE,12
Potomac 2019 05 31 POD2807 file01.CP846,9/19/2019,17,TRUE,8
Potomac 2019 05 31 POD2807 file01.CP847,9/20/2019,8,FALSE,12
Potomac 2019 05 31 POD2807 file01.CP848,9/20/2019,8,TRUE,4
Potomac 2019 05 31 POD2807 file01.CP849,9/20/2019,13,FALSE,16
Potomac 2019 05 31 POD2807 file01.CP850,9/20/2019,13,TRUE,2
Potomac 2019 05 31 POD2807 file01.CP851,9/20/2019,17,FALSE,2
Potomac 2019 05 31 POD2807 file01.CP852,9/21/2019,0,FALSE,6
Potomac 2019 05 31 POD2807 file01.CP853,9/21/2019,5,FALSE,3
Potomac 2019 05 31 POD2807 file01.CP854,9/21/2019,8,FALSE,11
Potomac 2019 05 31 POD2807 file01.CP855,9/21/2019,8,TRUE,15
Potomac 2019 05 31 POD2807 file01.CP856,9/21/2019,9,FALSE,1
Potomac 2019 05 31 POD2807 file01.CP857,9/21/2019,9,TRUE,1
Potomac 2019 05 31 POD2807 file01.CP858,9/22/2019,6,FALSE,3
Potomac 2019 05 31 POD2807 file01.CP859,9/22/2019,7,FALSE,3
Potomac 2019 05 31 POD2807 file01.CP860,9/22/2019,8,FALSE,2
Potomac 2019 05 31 POD2807 file01.CP861,9/24/2019,3,FALSE,3
Potomac 2019 05 31 POD2807 file01.CP862,9/24/2019,3,TRUE,3
Potomac 2019 05 31 POD2807 file01.CP863,9/26/2019,5,FALSE,4
Potomac 2019 05 31 POD2807 file01.CP864,9/26/2019,11,FALSE,4
Potomac 2019 05 31 POD2807 file01.CP865,9/26/2019,11,TRUE,3
Potomac 2019 05 31 POD2807 file01.CP866,9/26/2019,15,FALSE,1
Potomac 2019 05 31 POD2807 file01.CP867,9/27/2019,9,FALSE,9
Potomac 2019 05 31 POD2807 file01.CP868,9/27/2019,9,TRUE,2
Potomac 2019 05 31 POD2807 file01.CP869,9/29/2019,1,FALSE,8
Potomac 2019 05 31 POD2807 file01.CP870,9/29/2019,2,FALSE,14
Potomac 2019 05 31 POD2807 file01.CP871,9/29/2019,2,TRUE,2
Potomac 2019 05 31 POD2807 file01.CP872,9/29/2019,12,FALSE,11
Potomac 2019 05 31 POD2807 file01.CP873,9/29/2019,12,TRUE,1
Potomac 2019 05 31 POD2807 file01.CP874,9/29/2019,23,FALSE,4
Potomac 2019 05 31 POD2807 file01.CP875,10/1/2019,4,FALSE,12
Potomac 2019 05 31 POD2807 file01.CP876,10/1/2019,4,TRUE,2
Potomac 2019 05 31 POD2807 file01.CP877,10/2/2019,0,FALSE,3
Potomac 2019 05 31 POD2807 file01.CP878,10/2/2019,3,FALSE,2
Potomac 2019 05 31 POD2807 file01.CP879,10/2/2019,6,FALSE,10
Potomac 2019 05 31 POD2807 file01.CP880,10/2/2019,6,TRUE,5
Potomac 2019 05 31 POD2807 file01.CP881,10/2/2019,8,FALSE,1
Potomac 2019 05 31 POD2807 file01.CP882,10/2/2019,8,TRUE,1
Potomac 2019 05 31 POD2807 file01.CP883,10/2/2019,15,FALSE,25
Potomac 2019 05 31 POD2807 file01.CP884,10/2/2019,15,TRUE,3
Potomac 2019 05 31 POD2807 file01.CP885,10/2/2019,16,FALSE,2
Potomac 2019 05 31 POD2807 file01.CP886,10/2/2019,23,FALSE,5
Potomac 2019 05 31 POD2807 file01.CP887,10/3/2019,2,FALSE,12
Potomac 2019 05 31 POD2807 file01.CP888,10/3/2019,2,TRUE,3
Potomac 2019 05 31 POD2807 file01.CP889,10/3/2019,22,FALSE,3
Potomac 2019 05 31 POD2807 file01.CP890,10/5/2019,6,FALSE,1
Potomac 2019 05 31 POD2807 file01.CP891,10/5/2019,9,FALSE,8
Potomac 2019 05 31 POD2807 file01.CP892,10/5/2019,10,FALSE,7
Potomac 2019 05 31 POD2807 file01.CP893,10/5/2019,10,TRUE,1
Potomac 2019 05 31 POD2807 file01.CP894,10/6/2019,1,FALSE,2
Potomac 2019 05 31 POD2807 file01.CP895,10/6/2019,1,TRUE,3
Potomac 2019 05 31 POD2807 file01.CP896,10/6/2019,5,FALSE,1
Potomac 2019 05 31 POD2807 file01.CP897,10/6/2019,13,FALSE,3
Potomac 2019 05 31 POD2807 file01.CP898,10/6/2019,14,FALSE,1
Potomac 2019 05 31 POD2807 file01.CP899,10/7/2019,11,FALSE,2
Potomac 2019 05 31 POD2807 file01.CP900,10/8/2019,5,FALSE,1
Potomac 2019 05 31 POD2807 file01.CP901,10/8/2019,5,TRUE,1
Potomac 2019 05 31 POD2807 file01.CP902,10/8/2019,7,FALSE,6
Potomac 2019 05 31 POD2807 file01.CP903,10/8/2019,12,FALSE,1
Potomac 2019 05 31 POD2807 file01.CP904,10/8/2019,22,FALSE,6
Potomac 2019 05 31 POD2807 file01.CP905,10/8/2019,22,TRUE,3
Potomac 2019 05 31 POD2807 file01.CP906,10/9/2019,0,FALSE,2
Potomac 2019 05 31 POD2807 file01.CP907,10/10/2019,4,FALSE,7
Potomac 2019 05 31 POD2807 file01.CP908,10/10/2019,4,TRUE,4
Potomac 2019 05 31 POD2807 file01.CP909,10/10/2019,9,FALSE,1
Potomac 2019 05 31 POD2807 file01.CP910,10/10/2019,9,TRUE,1
Potomac 2019 05 31 POD2807 file01.CP911,10/11/2019,5,FALSE,6
Potomac 2019 05 31 POD2807 file01.CP912,10/11/2019,10,FALSE,4
Potomac 2019 05 31 POD2807 file01.CP913,10/11/2019,13,FALSE,1
Potomac 2019 05 31 POD2807 file01.CP914,10/11/2019,13,TRUE,2
Potomac 2019 05 31 POD2807 file01.CP915,10/11/2019,14,FALSE,13
Potomac 2019 05 31 POD2807 file01.CP916,10/11/2019,14,TRUE,5
Potomac 2019 05 31 POD2807 file01.CP917,10/11/2019,16,FALSE,2
Potomac 2019 05 31 POD2807 file01.CP918,10/11/2019,20,FALSE,2
Potomac 2019 05 31 POD2807 file01.CP919,10/12/2019,8,FALSE,3
Potomac 2019 05 31 POD2807 file01.CP920,10/12/2019,8,TRUE,1
Potomac 2019 05 31 POD2807 file01.CP921,10/12/2019,9,FALSE,4
Potomac 2019 05 31 POD2807 file01.CP922,10/12/2019,9,TRUE,1
Potomac 2019 05 31 POD2807 file01.CP923,10/12/2019,10,FALSE,4
Potomac 2019 05 31 POD2807 file01.CP924,10/12/2019,10,TRUE,12
