Filename,Date,Hour,Foraging,Total_Foraging_Events
Potomac 2019 05 31 POD2807 file01.CP3,6/2/2019,8,TRUE,15
Potomac 2019 05 31 POD2807 file01.CP4,6/2/2019,9,TRUE,13
Potomac 2019 05 31 POD2807 file01.CP5,6/2/2019,20,TRUE,9
Potomac 2019 05 31 POD2807 file01.CP6,6/2/2019,21,TRUE,5
Potomac 2019 05 31 POD2807 file01.CP7,6/3/2019,23,TRUE,2
Potomac 2019 05 31 POD2807 file01.CP8,6/5/2019,14,TRUE,8
Potomac 2019 05 31 POD2807 file01.CP9,6/5/2019,20,TRUE,8
Potomac 2019 05 31 POD2807 file01.CP10,6/5/2019,22,TRUE,1
Potomac 2019 05 31 POD2807 file01.CP11,6/6/2019,1,TRUE,15
Potomac 2019 05 31 POD2807 file01.CP12,6/6/2019,2,TRUE,3
Potomac 2019 05 31 POD2807 file01.CP13,6/6/2019,4,TRUE,3
Potomac 2019 05 31 POD2807 file01.CP14,6/6/2019,16,TRUE,35
Potomac 2019 05 31 POD2807 file01.CP15,6/6/2019,17,TRUE,20
Potomac 2019 05 31 POD2807 file01.CP16,6/6/2019,23,TRUE,12
Potomac 2019 05 31 POD2807 file01.CP17,6/7/2019,0,TRUE,11
Potomac 2019 05 31 POD2807 file01.CP18,6/7/2019,2,TRUE,25
Potomac 2019 05 31 POD2807 file01.CP19,6/7/2019,3,TRUE,3
Potomac 2019 05 31 POD2807 file01.CP20,6/7/2019,18,TRUE,5
Potomac 2019 05 31 POD2807 file01.CP21,6/7/2019,19,TRUE,9
Potomac 2019 05 31 POD2807 file01.CP22,6/8/2019,0,TRUE,5
Potomac 2019 05 31 POD2807 file01.CP23,6/8/2019,1,TRUE,1
Potomac 2019 05 31 POD2807 file01.CP24,6/9/2019,5,TRUE,1
Potomac 2019 05 31 POD2807 file01.CP25,6/10/2019,3,TRUE,3
Potomac 2019 05 31 POD2807 file01.CP26,6/10/2019,4,TRUE,3
Potomac 2019 05 31 POD2807 file01.CP27,6/10/2019,20,TRUE,17
Potomac 2019 05 31 POD2807 file01.CP28,6/10/2019,21,TRUE,10
Potomac 2019 05 31 POD2807 file01.CP29,6/11/2019,1,TRUE,2
Potomac 2019 05 31 POD2807 file01.CP30,6/11/2019,18,TRUE,7
Potomac 2019 05 31 POD2807 file01.CP31,6/12/2019,9,TRUE,4
Potomac 2019 05 31 POD2807 file01.CP32,6/12/2019,10,TRUE,23
Potomac 2019 05 31 POD2807 file01.CP33,6/13/2019,1,TRUE,4
Potomac 2019 05 31 POD2807 file01.CP34,6/13/2019,2,TRUE,4
Potomac 2019 05 31 POD2807 file01.CP35,6/13/2019,20,TRUE,21
Potomac 2019 05 31 POD2807 file01.CP36,6/13/2019,21,TRUE,32
Potomac 2019 05 31 POD2807 file01.CP37,6/13/2019,22,TRUE,3
Potomac 2019 05 31 POD2807 file01.CP38,6/14/2019,17,TRUE,23
Potomac 2019 05 31 POD2807 file01.CP39,6/14/2019,18,TRUE,6
Potomac 2019 05 31 POD2807 file01.CP40,6/14/2019,19,TRUE,4
Potomac 2019 05 31 POD2807 file01.CP41,6/14/2019,20,TRUE,7
Potomac 2019 05 31 POD2807 file01.CP42,6/15/2019,20,TRUE,13
Potomac 2019 05 31 POD2807 file01.CP43,6/15/2019,21,TRUE,7
Potomac 2019 05 31 POD2807 file01.CP44,6/17/2019,15,TRUE,28
Potomac 2019 05 31 POD2807 file01.CP45,6/17/2019,16,TRUE,5
Potomac 2019 05 31 POD2807 file01.CP46,6/17/2019,17,TRUE,3
Potomac 2019 05 31 POD2807 file01.CP47,6/17/2019,18,TRUE,1
Potomac 2019 05 31 POD2807 file01.CP48,6/19/2019,10,TRUE,3
Potomac 2019 05 31 POD2807 file01.CP49,6/19/2019,11,TRUE,1
Potomac 2019 05 31 POD2807 file01.CP50,6/19/2019,15,TRUE,3
Potomac 2019 05 31 POD2807 file01.CP51,6/20/2019,1,TRUE,8
Potomac 2019 05 31 POD2807 file01.CP52,6/22/2019,16,TRUE,1
Potomac 2019 05 31 POD2807 file01.CP53,6/22/2019,17,TRUE,1
Potomac 2019 05 31 POD2807 file01.CP54,6/24/2019,4,TRUE,3
Potomac 2019 05 31 POD2807 file01.CP55,6/24/2019,5,TRUE,5
Potomac 2019 05 31 POD2807 file01.CP56,6/24/2019,23,TRUE,5
Potomac 2019 05 31 POD2807 file01.CP57,6/25/2019,5,TRUE,1
Potomac 2019 05 31 POD2807 file01.CP58,6/26/2019,10,TRUE,7
Potomac 2019 05 31 POD2807 file01.CP59,6/26/2019,12,TRUE,3
Potomac 2019 05 31 POD2807 file01.CP60,6/26/2019,16,TRUE,4
Potomac 2019 05 31 POD2807 file01.CP61,6/27/2019,3,TRUE,1
Potomac 2019 05 31 POD2807 file01.CP62,6/27/2019,8,TRUE,1
Potomac 2019 05 31 POD2807 file01.CP63,6/27/2019,14,TRUE,1
Potomac 2019 05 31 POD2807 file01.CP64,6/28/2019,10,TRUE,5
Potomac 2019 05 31 POD2807 file01.CP65,6/28/2019,12,TRUE,8
Potomac 2019 05 31 POD2807 file01.CP66,6/28/2019,13,TRUE,13
Potomac 2019 05 31 POD2807 file01.CP67,6/28/2019,15,TRUE,5
Potomac 2019 05 31 POD2807 file01.CP68,6/28/2019,16,TRUE,2
Potomac 2019 05 31 POD2807 file01.CP69,6/28/2019,17,TRUE,1
Potomac 2019 05 31 POD2807 file01.CP70,6/29/2019,1,TRUE,4
Potomac 2019 05 31 POD2807 file01.CP71,6/29/2019,2,TRUE,2
Potomac 2019 05 31 POD2807 file01.CP72,6/29/2019,3,TRUE,45
Potomac 2019 05 31 POD2807 file01.CP73,6/29/2019,4,TRUE,2
Potomac 2019 05 31 POD2807 file01.CP74,6/29/2019,6,TRUE,5
Potomac 2019 05 31 POD2807 file01.CP75,6/29/2019,7,TRUE,15
Potomac 2019 05 31 POD2807 file01.CP76,6/29/2019,17,TRUE,6
Potomac 2019 05 31 POD2807 file01.CP77,6/29/2019,18,TRUE,11
Potomac 2019 05 31 POD2807 file01.CP78,6/29/2019,21,TRUE,2
Potomac 2019 05 31 POD2807 file01.CP79,6/29/2019,22,TRUE,2
Potomac 2019 05 31 POD2807 file01.CP80,7/1/2019,4,TRUE,11
Potomac 2019 05 31 POD2807 file01.CP81,7/1/2019,18,TRUE,15
Potomac 2019 05 31 POD2807 file01.CP82,7/1/2019,19,TRUE,2
Potomac 2019 05 31 POD2807 file01.CP83,7/2/2019,0,TRUE,9
Potomac 2019 05 31 POD2807 file01.CP84,7/2/2019,1,TRUE,1
Potomac 2019 05 31 POD2807 file01.CP85,7/2/2019,16,TRUE,11
Potomac 2019 05 31 POD2807 file01.CP86,7/2/2019,17,TRUE,1
Potomac 2019 05 31 POD2807 file01.CP87,7/3/2019,19,TRUE,7
Potomac 2019 05 31 POD2807 file01.CP88,7/3/2019,23,TRUE,27
Potomac 2019 05 31 POD2807 file01.CP89,7/4/2019,0,TRUE,36
Potomac 2019 05 31 POD2807 file01.CP90,7/4/2019,1,TRUE,35
Potomac 2019 05 31 POD2807 file01.CP91,7/4/2019,3,TRUE,4
Potomac 2019 05 31 POD2807 file01.CP92,7/5/2019,1,TRUE,2
Potomac 2019 05 31 POD2807 file01.CP93,7/5/2019,2,TRUE,1
Potomac 2019 05 31 POD2807 file01.CP94,7/5/2019,3,TRUE,1
Potomac 2019 05 31 POD2807 file01.CP95,7/7/2019,1,TRUE,1
Potomac 2019 05 31 POD2807 file01.CP96,7/7/2019,2,TRUE,1
Potomac 2019 05 31 POD2807 file01.CP97,7/7/2019,20,TRUE,5
Potomac 2019 05 31 POD2807 file01.CP98,7/8/2019,2,TRUE,5
Potomac 2019 05 31 POD2807 file01.CP99,7/9/2019,4,TRUE,1
Potomac 2019 05 31 POD2807 file01.CP100,7/9/2019,13,TRUE,3
Potomac 2019 05 31 POD2807 file01.CP101,7/9/2019,21,TRUE,13
Potomac 2019 05 31 POD2807 file01.CP102,7/10/2019,1,TRUE,6
Potomac 2019 05 31 POD2807 file01.CP103,7/10/2019,2,TRUE,8
Potomac 2019 05 31 POD2807 file01.CP104,7/10/2019,3,TRUE,11
Potomac 2019 05 31 POD2807 file01.CP105,7/10/2019,4,TRUE,11
Potomac 2019 05 31 POD2807 file01.CP106,7/10/2019,12,TRUE,9
Potomac 2019 05 31 POD2807 file01.CP107,7/10/2019,23,TRUE,1
Potomac 2019 05 31 POD2807 file01.CP108,7/11/2019,11,TRUE,1
Potomac 2019 05 31 POD2807 file01.CP109,7/11/2019,17,TRUE,3
Potomac 2019 05 31 POD2807 file01.CP110,7/11/2019,18,TRUE,4
Potomac 2019 05 31 POD2807 file01.CP111,7/11/2019,21,TRUE,3
Potomac 2019 05 31 POD2807 file01.CP112,7/12/2019,1,TRUE,4
Potomac 2019 05 31 POD2807 file01.CP113,7/13/2019,13,TRUE,1
Potomac 2019 05 31 POD2807 file01.CP114,7/13/2019,15,TRUE,3
Potomac 2019 05 31 POD2807 file01.CP115,7/13/2019,16,TRUE,4
Potomac 2019 05 31 POD2807 file01.CP116,7/14/2019,3,TRUE,12
Potomac 2019 05 31 POD2807 file01.CP117,7/14/2019,4,TRUE,1
Potomac 2019 05 31 POD2807 file01.CP118,7/14/2019,21,TRUE,1
Potomac 2019 05 31 POD2807 file01.CP119,7/15/2019,1,TRUE,9
Potomac 2019 05 31 POD2807 file01.CP120,7/16/2019,0,TRUE,3
Potomac 2019 05 31 POD2807 file01.CP121,7/16/2019,1,TRUE,3
Potomac 2019 05 31 POD2807 file01.CP122,7/16/2019,2,TRUE,29
Potomac 2019 05 31 POD2807 file01.CP123,7/16/2019,6,TRUE,1
Potomac 2019 05 31 POD2807 file01.CP124,7/16/2019,22,TRUE,1
Potomac 2019 05 31 POD2807 file01.CP125,7/17/2019,0,TRUE,9
Potomac 2019 05 31 POD2807 file01.CP126,7/17/2019,1,TRUE,25
Potomac 2019 05 31 POD2807 file01.CP127,7/17/2019,7,TRUE,3
Potomac 2019 05 31 POD2807 file01.CP128,7/17/2019,9,TRUE,5
Potomac 2019 05 31 POD2807 file01.CP129,7/17/2019,10,TRUE,33
Potomac 2019 05 31 POD2807 file01.CP130,7/17/2019,11,TRUE,42
Potomac 2019 05 31 POD2807 file01.CP131,7/17/2019,12,TRUE,50
Potomac 2019 05 31 POD2807 file01.CP132,7/17/2019,13,TRUE,43
Potomac 2019 05 31 POD2807 file01.CP133,7/17/2019,14,TRUE,7
Potomac 2019 05 31 POD2807 file01.CP134,7/17/2019,16,TRUE,4
Potomac 2019 05 31 POD2807 file01.CP135,7/18/2019,0,TRUE,17
Potomac 2019 05 31 POD2807 file01.CP136,7/18/2019,13,TRUE,3
Potomac 2019 05 31 POD2807 file01.CP137,7/18/2019,14,TRUE,15
Potomac 2019 05 31 POD2807 file01.CP138,7/18/2019,23,TRUE,21
Potomac 2019 05 31 POD2807 file01.CP139,7/19/2019,0,TRUE,3
Potomac 2019 05 31 POD2807 file01.CP140,7/19/2019,3,TRUE,2
Potomac 2019 05 31 POD2807 file01.CP141,7/19/2019,13,TRUE,15
Potomac 2019 05 31 POD2807 file01.CP142,7/19/2019,23,TRUE,1
Potomac 2019 05 31 POD2807 file01.CP143,7/20/2019,0,TRUE,9
Potomac 2019 05 31 POD2807 file01.CP144,7/20/2019,1,TRUE,19
Potomac 2019 05 31 POD2807 file01.CP145,7/20/2019,2,TRUE,50
Potomac 2019 05 31 POD2807 file01.CP146,7/20/2019,3,TRUE,9
Potomac 2019 05 31 POD2807 file01.CP147,7/20/2019,4,TRUE,16
Potomac 2019 05 31 POD2807 file01.CP148,7/20/2019,5,TRUE,1
Potomac 2019 05 31 POD2807 file01.CP149,7/20/2019,6,TRUE,1
Potomac 2019 05 31 POD2807 file01.CP150,7/20/2019,18,TRUE,10
Potomac 2019 05 31 POD2807 file01.CP151,7/20/2019,19,TRUE,9
Potomac 2019 05 31 POD2807 file01.CP152,7/21/2019,4,TRUE,9
Potomac 2019 05 31 POD2807 file01.CP153,7/21/2019,5,TRUE,2
Potomac 2019 05 31 POD2807 file01.CP154,7/21/2019,6,TRUE,2
Potomac 2019 05 31 POD2807 file01.CP155,7/22/2019,2,TRUE,21
Potomac 2019 05 31 POD2807 file01.CP156,7/23/2019,4,TRUE,19
Potomac 2019 05 31 POD2807 file01.CP157,7/23/2019,5,TRUE,20
Potomac 2019 05 31 POD2807 file01.CP158,7/23/2019,6,TRUE,8
Potomac 2019 05 31 POD2807 file01.CP159,7/23/2019,8,TRUE,6
Potomac 2019 05 31 POD2807 file01.CP160,7/25/2019,0,TRUE,1
Potomac 2019 05 31 POD2807 file01.CP161,7/25/2019,1,TRUE,1
Potomac 2019 05 31 POD2807 file01.CP162,7/25/2019,9,TRUE,1
Potomac 2019 05 31 POD2807 file01.CP163,7/25/2019,13,TRUE,22
Potomac 2019 05 31 POD2807 file01.CP164,7/25/2019,14,TRUE,3
Potomac 2019 05 31 POD2807 file01.CP165,7/25/2019,20,TRUE,17
Potomac 2019 05 31 POD2807 file01.CP166,7/25/2019,21,TRUE,20
Potomac 2019 05 31 POD2807 file01.CP167,7/25/2019,23,TRUE,12
Potomac 2019 05 31 POD2807 file01.CP168,7/26/2019,0,TRUE,5
Potomac 2019 05 31 POD2807 file01.CP169,7/26/2019,1,TRUE,2
Potomac 2019 05 31 POD2807 file01.CP170,7/26/2019,2,TRUE,1
Potomac 2019 05 31 POD2807 file01.CP171,7/26/2019,12,TRUE,8
Potomac 2019 05 31 POD2807 file01.CP172,7/26/2019,16,TRUE,26
Potomac 2019 05 31 POD2807 file01.CP173,7/26/2019,17,TRUE,14
Potomac 2019 05 31 POD2807 file01.CP174,7/26/2019,18,TRUE,1
Potomac 2019 05 31 POD2807 file01.CP175,7/26/2019,19,TRUE,15
Potomac 2019 05 31 POD2807 file01.CP176,7/26/2019,20,TRUE,47
Potomac 2019 05 31 POD2807 file01.CP177,7/26/2019,21,TRUE,49
Potomac 2019 05 31 POD2807 file01.CP178,7/26/2019,22,TRUE,36
Potomac 2019 05 31 POD2807 file01.CP179,7/26/2019,23,TRUE,30
Potomac 2019 05 31 POD2807 file01.CP180,7/27/2019,0,TRUE,15
Potomac 2019 05 31 POD2807 file01.CP181,7/27/2019,1,TRUE,1
Potomac 2019 05 31 POD2807 file01.CP182,7/27/2019,12,TRUE,1
Potomac 2019 05 31 POD2807 file01.CP183,7/27/2019,13,TRUE,11
Potomac 2019 05 31 POD2807 file01.CP184,7/27/2019,16,TRUE,5
Potomac 2019 05 31 POD2807 file01.CP185,7/27/2019,17,TRUE,1
Potomac 2019 05 31 POD2807 file01.CP186,7/27/2019,18,TRUE,7
Potomac 2019 05 31 POD2807 file01.CP187,7/27/2019,19,TRUE,13
Potomac 2019 05 31 POD2807 file01.CP188,7/27/2019,20,TRUE,23
Potomac 2019 05 31 POD2807 file01.CP189,7/27/2019,21,TRUE,18
Potomac 2019 05 31 POD2807 file01.CP190,7/27/2019,22,TRUE,4
Potomac 2019 05 31 POD2807 file01.CP191,7/27/2019,23,TRUE,3
Potomac 2019 05 31 POD2807 file01.CP192,7/28/2019,0,TRUE,9
Potomac 2019 05 31 POD2807 file01.CP193,7/28/2019,1,TRUE,13
Potomac 2019 05 31 POD2807 file01.CP194,7/28/2019,2,TRUE,5
Potomac 2019 05 31 POD2807 file01.CP195,7/28/2019,5,TRUE,13
Potomac 2019 05 31 POD2807 file01.CP196,7/28/2019,8,TRUE,2
Potomac 2019 05 31 POD2807 file01.CP197,7/28/2019,21,TRUE,30
Potomac 2019 05 31 POD2807 file01.CP198,7/29/2019,0,TRUE,4
Potomac 2019 05 31 POD2807 file01.CP199,7/29/2019,1,TRUE,15
Potomac 2019 05 31 POD2807 file01.CP200,7/29/2019,8,TRUE,2
Potomac 2019 05 31 POD2807 file01.CP201,7/29/2019,15,TRUE,7
Potomac 2019 05 31 POD2807 file01.CP202,7/29/2019,21,TRUE,19
Potomac 2019 05 31 POD2807 file01.CP203,7/29/2019,22,TRUE,1
Potomac 2019 05 31 POD2807 file01.CP204,7/30/2019,3,TRUE,7
Potomac 2019 05 31 POD2807 file01.CP205,7/30/2019,20,TRUE,8
Potomac 2019 05 31 POD2807 file01.CP206,7/31/2019,11,TRUE,2
Potomac 2019 05 31 POD2807 file01.CP207,7/31/2019,12,TRUE,20
Potomac 2019 05 31 POD2807 file01.CP208,7/31/2019,21,TRUE,9
Potomac 2019 05 31 POD2807 file01.CP209,8/1/2019,0,TRUE,1
Potomac 2019 05 31 POD2807 file01.CP210,8/1/2019,1,TRUE,1
Potomac 2019 05 31 POD2807 file01.CP211,8/1/2019,16,TRUE,19
Potomac 2019 05 31 POD2807 file01.CP212,8/1/2019,21,TRUE,2
Potomac 2019 05 31 POD2807 file01.CP213,8/2/2019,1,TRUE,27
Potomac 2019 05 31 POD2807 file01.CP214,8/2/2019,2,TRUE,33
Potomac 2019 05 31 POD2807 file01.CP215,8/2/2019,3,TRUE,29
Potomac 2019 05 31 POD2807 file01.CP216,8/2/2019,21,TRUE,13
Potomac 2019 05 31 POD2807 file01.CP217,8/2/2019,22,TRUE,6
Potomac 2019 05 31 POD2807 file01.CP218,8/3/2019,3,TRUE,7
Potomac 2019 05 31 POD2807 file01.CP219,8/3/2019,4,TRUE,12
Potomac 2019 05 31 POD2807 file01.CP220,8/3/2019,11,TRUE,1
Potomac 2019 05 31 POD2807 file01.CP221,8/3/2019,12,TRUE,25
Potomac 2019 05 31 POD2807 file01.CP222,8/3/2019,13,TRUE,34
Potomac 2019 05 31 POD2807 file01.CP223,8/3/2019,14,TRUE,37
Potomac 2019 05 31 POD2807 file01.CP224,8/3/2019,15,TRUE,11
Potomac 2019 05 31 POD2807 file01.CP225,8/3/2019,16,TRUE,4
Potomac 2019 05 31 POD2807 file01.CP226,8/3/2019,22,TRUE,21
Potomac 2019 05 31 POD2807 file01.CP227,8/3/2019,23,TRUE,31
Potomac 2019 05 31 POD2807 file01.CP228,8/4/2019,1,TRUE,6
Potomac 2019 05 31 POD2807 file01.CP229,8/4/2019,2,TRUE,9
Potomac 2019 05 31 POD2807 file01.CP230,8/4/2019,19,TRUE,5
Potomac 2019 05 31 POD2807 file01.CP231,8/4/2019,20,TRUE,3
Potomac 2019 05 31 POD2807 file01.CP232,8/4/2019,21,TRUE,1
Potomac 2019 05 31 POD2807 file01.CP233,8/5/2019,2,TRUE,10
Potomac 2019 05 31 POD2807 file01.CP234,8/5/2019,3,TRUE,38
Potomac 2019 05 31 POD2807 file01.CP235,8/5/2019,4,TRUE,8
Potomac 2019 05 31 POD2807 file01.CP236,8/5/2019,13,TRUE,5
Potomac 2019 05 31 POD2807 file01.CP237,8/5/2019,17,TRUE,1
Potomac 2019 05 31 POD2807 file01.CP238,8/5/2019,18,TRUE,3
Potomac 2019 05 31 POD2807 file01.CP239,8/6/2019,1,TRUE,1
Potomac 2019 05 31 POD2807 file01.CP240,8/6/2019,6,TRUE,15
Potomac 2019 05 31 POD2807 file01.CP241,8/6/2019,19,TRUE,2
Potomac 2019 05 31 POD2807 file01.CP242,8/6/2019,20,TRUE,4
Potomac 2019 05 31 POD2807 file01.CP243,8/6/2019,21,TRUE,26
Potomac 2019 05 31 POD2807 file01.CP244,8/6/2019,23,TRUE,1
Potomac 2019 05 31 POD2807 file01.CP245,8/7/2019,0,TRUE,33
Potomac 2019 05 31 POD2807 file01.CP246,8/7/2019,1,TRUE,43
Potomac 2019 05 31 POD2807 file01.CP247,8/7/2019,2,TRUE,14
Potomac 2019 05 31 POD2807 file01.CP248,8/7/2019,7,TRUE,4
Potomac 2019 05 31 POD2807 file01.CP249,8/7/2019,8,TRUE,18
Potomac 2019 05 31 POD2807 file01.CP250,8/8/2019,7,TRUE,7
Potomac 2019 05 31 POD2807 file01.CP251,8/8/2019,8,TRUE,9
Potomac 2019 05 31 POD2807 file01.CP252,8/8/2019,9,TRUE,12
Potomac 2019 05 31 POD2807 file01.CP253,8/8/2019,19,TRUE,2
Potomac 2019 05 31 POD2807 file01.CP254,8/8/2019,20,TRUE,19
Potomac 2019 05 31 POD2807 file01.CP255,8/8/2019,21,TRUE,4
Potomac 2019 05 31 POD2807 file01.CP256,8/9/2019,1,TRUE,1
Potomac 2019 05 31 POD2807 file01.CP257,8/9/2019,21,TRUE,1
Potomac 2019 05 31 POD2807 file01.CP258,8/9/2019,22,TRUE,4
Potomac 2019 05 31 POD2807 file01.CP259,8/10/2019,3,TRUE,3
Potomac 2019 05 31 POD2807 file01.CP260,8/10/2019,4,TRUE,10
Potomac 2019 05 31 POD2807 file01.CP261,8/10/2019,6,TRUE,3
Potomac 2019 05 31 POD2807 file01.CP262,8/10/2019,14,TRUE,10
Potomac 2019 05 31 POD2807 file01.CP263,8/10/2019,20,TRUE,11
Potomac 2019 05 31 POD2807 file01.CP264,8/10/2019,21,TRUE,1
Potomac 2019 05 31 POD2807 file01.CP265,8/11/2019,1,TRUE,3
Potomac 2019 05 31 POD2807 file01.CP266,8/12/2019,3,TRUE,3
Potomac 2019 05 31 POD2807 file01.CP267,8/12/2019,6,TRUE,2
Potomac 2019 05 31 POD2807 file01.CP268,8/12/2019,23,TRUE,8
Potomac 2019 05 31 POD2807 file01.CP269,8/13/2019,0,TRUE,8
Potomac 2019 05 31 POD2807 file01.CP270,8/13/2019,2,TRUE,8
Potomac 2019 05 31 POD2807 file01.CP271,8/13/2019,4,TRUE,3
Potomac 2019 05 31 POD2807 file01.CP272,8/13/2019,6,TRUE,1
Potomac 2019 05 31 POD2807 file01.CP273,8/13/2019,21,TRUE,6
Potomac 2019 05 31 POD2807 file01.CP274,8/14/2019,0,TRUE,27
Potomac 2019 05 31 POD2807 file01.CP275,8/14/2019,1,TRUE,18
Potomac 2019 05 31 POD2807 file01.CP276,8/14/2019,2,TRUE,11
Potomac 2019 05 31 POD2807 file01.CP277,8/14/2019,3,TRUE,6
Potomac 2019 05 31 POD2807 file01.CP278,8/14/2019,8,TRUE,2
Potomac 2019 05 31 POD2807 file01.CP279,8/15/2019,21,TRUE,12
Potomac 2019 05 31 POD2807 file01.CP280,8/16/2019,1,TRUE,3
Potomac 2019 05 31 POD2807 file01.CP281,8/16/2019,2,TRUE,4
Potomac 2019 05 31 POD2807 file01.CP282,8/16/2019,4,TRUE,1
Potomac 2019 05 31 POD2807 file01.CP283,8/16/2019,21,TRUE,19
Potomac 2019 05 31 POD2807 file01.CP284,8/16/2019,22,TRUE,40
Potomac 2019 05 31 POD2807 file01.CP285,8/17/2019,0,TRUE,8
Potomac 2019 05 31 POD2807 file01.CP286,8/17/2019,1,TRUE,23
Potomac 2019 05 31 POD2807 file01.CP287,8/17/2019,2,TRUE,7
Potomac 2019 05 31 POD2807 file01.CP288,8/17/2019,4,TRUE,8
Potomac 2019 05 31 POD2807 file01.CP289,8/17/2019,16,TRUE,2
Potomac 2019 05 31 POD2807 file01.CP290,8/17/2019,21,TRUE,12
Potomac 2019 05 31 POD2807 file01.CP291,8/17/2019,22,TRUE,16
Potomac 2019 05 31 POD2807 file01.CP292,8/17/2019,23,TRUE,13
Potomac 2019 05 31 POD2807 file01.CP293,8/18/2019,3,TRUE,5
Potomac 2019 05 31 POD2807 file01.CP294,8/18/2019,14,TRUE,1
Potomac 2019 05 31 POD2807 file01.CP295,8/19/2019,1,TRUE,25
Potomac 2019 05 31 POD2807 file01.CP296,8/19/2019,2,TRUE,27
Potomac 2019 05 31 POD2807 file01.CP297,8/19/2019,3,TRUE,5
Potomac 2019 05 31 POD2807 file01.CP298,8/19/2019,4,TRUE,16
Potomac 2019 05 31 POD2807 file01.CP299,8/19/2019,17,TRUE,1
Potomac 2019 05 31 POD2807 file01.CP300,8/21/2019,1,TRUE,1
Potomac 2019 05 31 POD2807 file01.CP301,8/22/2019,5,TRUE,4
Potomac 2019 05 31 POD2807 file01.CP302,8/22/2019,6,TRUE,1
Potomac 2019 05 31 POD2807 file01.CP303,8/22/2019,22,TRUE,2
Potomac 2019 05 31 POD2807 file01.CP304,8/23/2019,3,TRUE,8
Potomac 2019 05 31 POD2807 file01.CP305,8/23/2019,4,TRUE,8
Potomac 2019 05 31 POD2807 file01.CP306,8/23/2019,5,TRUE,8
Potomac 2019 05 31 POD2807 file01.CP307,8/23/2019,10,TRUE,2
Potomac 2019 05 31 POD2807 file01.CP308,8/23/2019,12,TRUE,2
Potomac 2019 05 31 POD2807 file01.CP309,8/27/2019,3,TRUE,25
Potomac 2019 05 31 POD2807 file01.CP310,8/27/2019,4,TRUE,10
Potomac 2019 05 31 POD2807 file01.CP311,8/27/2019,5,TRUE,2
Potomac 2019 05 31 POD2807 file01.CP312,8/28/2019,2,TRUE,1
Potomac 2019 05 31 POD2807 file01.CP313,8/28/2019,8,TRUE,4
Potomac 2019 05 31 POD2807 file01.CP314,8/30/2019,3,TRUE,3
Potomac 2019 05 31 POD2807 file01.CP315,8/30/2019,5,TRUE,2
Potomac 2019 05 31 POD2807 file01.CP316,8/30/2019,6,TRUE,8
Potomac 2019 05 31 POD2807 file01.CP317,9/1/2019,3,TRUE,7
Potomac 2019 05 31 POD2807 file01.CP318,9/1/2019,4,TRUE,5
Potomac 2019 05 31 POD2807 file01.CP319,9/2/2019,8,TRUE,6
Potomac 2019 05 31 POD2807 file01.CP320,9/5/2019,2,TRUE,2
Potomac 2019 05 31 POD2807 file01.CP321,9/6/2019,22,TRUE,1
Potomac 2019 05 31 POD2807 file01.CP322,9/7/2019,0,TRUE,1
Potomac 2019 05 31 POD2807 file01.CP323,9/7/2019,3,TRUE,6
Potomac 2019 05 31 POD2807 file01.CP324,9/7/2019,6,TRUE,1
Potomac 2019 05 31 POD2807 file01.CP325,9/7/2019,7,TRUE,5
Potomac 2019 05 31 POD2807 file01.CP326,9/8/2019,1,TRUE,1
Potomac 2019 05 31 POD2807 file01.CP327,9/8/2019,4,TRUE,4
Potomac 2019 05 31 POD2807 file01.CP328,9/8/2019,5,TRUE,20
Potomac 2019 05 31 POD2807 file01.CP329,9/8/2019,6,TRUE,2
Potomac 2019 05 31 POD2807 file01.CP330,9/9/2019,3,TRUE,1
Potomac 2019 05 31 POD2807 file01.CP331,9/9/2019,4,TRUE,2
Potomac 2019 05 31 POD2807 file01.CP332,9/9/2019,5,TRUE,17
Potomac 2019 05 31 POD2807 file01.CP333,9/11/2019,0,TRUE,1
Potomac 2019 05 31 POD2807 file01.CP334,9/11/2019,3,TRUE,16
Potomac 2019 05 31 POD2807 file01.CP335,9/11/2019,4,TRUE,5
Potomac 2019 05 31 POD2807 file01.CP336,9/11/2019,5,TRUE,4
Potomac 2019 05 31 POD2807 file01.CP337,9/11/2019,8,TRUE,1
Potomac 2019 05 31 POD2807 file01.CP338,9/11/2019,23,TRUE,3
Potomac 2019 05 31 POD2807 file01.CP339,9/12/2019,8,TRUE,2
Potomac 2019 05 31 POD2807 file01.CP340,9/12/2019,9,TRUE,1
Potomac 2019 05 31 POD2807 file01.CP341,9/12/2019,11,TRUE,1
Potomac 2019 05 31 POD2807 file01.CP342,9/13/2019,13,TRUE,5
Potomac 2019 05 31 POD2807 file01.CP343,9/13/2019,15,TRUE,3
Potomac 2019 05 31 POD2807 file01.CP344,9/14/2019,22,TRUE,21
Potomac 2019 05 31 POD2807 file01.CP345,9/14/2019,23,TRUE,4
Potomac 2019 05 31 POD2807 file01.CP346,9/15/2019,3,TRUE,1
Potomac 2019 05 31 POD2807 file01.CP347,9/15/2019,22,TRUE,3
Potomac 2019 05 31 POD2807 file01.CP348,9/16/2019,4,TRUE,26
Potomac 2019 05 31 POD2807 file01.CP349,9/16/2019,5,TRUE,17
Potomac 2019 05 31 POD2807 file01.CP350,9/16/2019,6,TRUE,11
Potomac 2019 05 31 POD2807 file01.CP351,9/19/2019,16,TRUE,2
Potomac 2019 05 31 POD2807 file01.CP352,9/19/2019,17,TRUE,8
Potomac 2019 05 31 POD2807 file01.CP353,9/20/2019,8,TRUE,4
Potomac 2019 05 31 POD2807 file01.CP354,9/20/2019,13,TRUE,2
Potomac 2019 05 31 POD2807 file01.CP355,9/21/2019,8,TRUE,15
Potomac 2019 05 31 POD2807 file01.CP356,9/21/2019,9,TRUE,1
Potomac 2019 05 31 POD2807 file01.CP357,9/24/2019,3,TRUE,3
Potomac 2019 05 31 POD2807 file01.CP358,9/26/2019,11,TRUE,3
Potomac 2019 05 31 POD2807 file01.CP359,9/27/2019,9,TRUE,2
Potomac 2019 05 31 POD2807 file01.CP360,9/29/2019,2,TRUE,2
Potomac 2019 05 31 POD2807 file01.CP361,9/29/2019,12,TRUE,1
Potomac 2019 05 31 POD2807 file01.CP362,10/1/2019,4,TRUE,2
Potomac 2019 05 31 POD2807 file01.CP363,10/2/2019,6,TRUE,5
Potomac 2019 05 31 POD2807 file01.CP364,10/2/2019,8,TRUE,1
Potomac 2019 05 31 POD2807 file01.CP365,10/2/2019,15,TRUE,3
Potomac 2019 05 31 POD2807 file01.CP366,10/3/2019,2,TRUE,3
Potomac 2019 05 31 POD2807 file01.CP367,10/5/2019,10,TRUE,1
Potomac 2019 05 31 POD2807 file01.CP368,10/6/2019,1,TRUE,3
Potomac 2019 05 31 POD2807 file01.CP369,10/8/2019,5,TRUE,1
Potomac 2019 05 31 POD2807 file01.CP370,10/8/2019,22,TRUE,3
Potomac 2019 05 31 POD2807 file01.CP371,10/10/2019,4,TRUE,4
Potomac 2019 05 31 POD2807 file01.CP372,10/10/2019,9,TRUE,1
Potomac 2019 05 31 POD2807 file01.CP373,10/11/2019,13,TRUE,2
Potomac 2019 05 31 POD2807 file01.CP374,10/11/2019,14,TRUE,5
Potomac 2019 05 31 POD2807 file01.CP375,10/12/2019,8,TRUE,1
Potomac 2019 05 31 POD2807 file01.CP376,10/12/2019,9,TRUE,1
Potomac 2019 05 31 POD2807 file01.CP377,10/12/2019,10,TRUE,12
Potomac 2019 10 14 POD2807 file01.CP3,10/23/2019,4,TRUE,1
Potomac 2019 10 14 POD2807 file01.CP4,10/24/2019,4,TRUE,9
Potomac 2019 10 14 POD2807 file01.CP5,10/31/2019,1,TRUE,2
Potomac 2019 10 14 POD2807 file01.CP6,10/31/2019,2,TRUE,4
Potomac 2019 10 14 POD2807 file01.CP7,11/2/2019,20,TRUE,5
Potomac 2019 10 14 POD2807 file01.CP8,11/2/2019,21,TRUE,4
Potomac 2018 06 08 POD2807 file01.CP3,6/9/2018,5,TRUE,3
Potomac 2018 06 08 POD2807 file01.CP4,6/9/2018,23,TRUE,10
Potomac 2018 06 08 POD2807 file01.CP5,6/10/2018,0,TRUE,7
Potomac 2018 06 08 POD2807 file01.CP6,6/10/2018,1,TRUE,3
Potomac 2018 06 08 POD2807 file01.CP7,6/10/2018,2,TRUE,3
Potomac 2018 06 08 POD2807 file01.CP8,6/10/2018,10,TRUE,1
Potomac 2018 06 08 POD2807 file01.CP9,6/10/2018,11,TRUE,9
Potomac 2018 06 08 POD2807 file01.CP10,6/10/2018,14,TRUE,2
Potomac 2018 06 08 POD2807 file01.CP11,6/10/2018,15,TRUE,4
Potomac 2018 06 08 POD2807 file01.CP12,6/10/2018,17,TRUE,10
Potomac 2018 06 08 POD2807 file01.CP13,6/10/2018,23,TRUE,5
Potomac 2018 06 08 POD2807 file01.CP14,6/11/2018,0,TRUE,8
Potomac 2018 06 08 POD2807 file01.CP15,6/11/2018,16,TRUE,1
Potomac 2018 06 08 POD2807 file01.CP16,6/12/2018,20,TRUE,2
Potomac 2018 06 08 POD2807 file01.CP17,6/13/2018,4,TRUE,4
Potomac 2018 06 08 POD2807 file01.CP18,6/13/2018,6,TRUE,1
Potomac 2018 06 08 POD2807 file01.CP19,6/13/2018,9,TRUE,3
Potomac 2018 06 08 POD2807 file01.CP20,6/13/2018,10,TRUE,11
Potomac 2018 06 08 POD2807 file01.CP21,6/13/2018,11,TRUE,8
Potomac 2018 06 08 POD2807 file01.CP22,6/13/2018,14,TRUE,7
Potomac 2018 06 08 POD2807 file01.CP23,6/13/2018,16,TRUE,2
Potomac 2018 06 08 POD2807 file01.CP24,6/13/2018,19,TRUE,2
Potomac 2018 06 08 POD2807 file01.CP25,6/13/2018,20,TRUE,28
Potomac 2018 06 08 POD2807 file01.CP26,6/13/2018,21,TRUE,3
Potomac 2018 06 08 POD2807 file01.CP27,6/13/2018,22,TRUE,1
Potomac 2018 06 08 POD2807 file01.CP28,6/13/2018,23,TRUE,7
Potomac 2018 06 08 POD2807 file01.CP29,6/14/2018,13,TRUE,1
Potomac 2018 06 08 POD2807 file01.CP30,6/14/2018,21,TRUE,1
Potomac 2018 06 08 POD2807 file01.CP31,6/15/2018,6,TRUE,1
Potomac 2018 06 08 POD2807 file01.CP32,6/15/2018,13,TRUE,2
Potomac 2018 06 08 POD2807 file01.CP33,6/16/2018,0,TRUE,3
Potomac 2018 06 08 POD2807 file01.CP34,6/16/2018,2,TRUE,1
Potomac 2018 06 08 POD2807 file01.CP35,6/16/2018,3,TRUE,2
Potomac 2018 06 08 POD2807 file01.CP36,6/16/2018,6,TRUE,3
Potomac 2018 06 08 POD2807 file01.CP37,6/17/2018,10,TRUE,3
Potomac 2018 06 08 POD2807 file01.CP38,6/17/2018,17,TRUE,3
Potomac 2018 06 08 POD2807 file01.CP39,6/17/2018,22,TRUE,1
Potomac 2018 06 08 POD2807 file01.CP40,6/18/2018,15,TRUE,1
Potomac 2018 06 08 POD2807 file01.CP41,6/18/2018,17,TRUE,6
Potomac 2018 06 08 POD2807 file01.CP42,6/18/2018,18,TRUE,25
Potomac 2018 06 08 POD2807 file01.CP43,6/19/2018,0,TRUE,4
Potomac 2018 06 08 POD2807 file01.CP44,6/19/2018,1,TRUE,6
Potomac 2018 06 08 POD2807 file01.CP45,6/19/2018,5,TRUE,9
Potomac 2018 06 08 POD2807 file01.CP46,6/19/2018,6,TRUE,5
Potomac 2018 06 08 POD2807 file01.CP47,6/19/2018,8,TRUE,1
Potomac 2018 06 08 POD2807 file01.CP48,6/20/2018,1,TRUE,10
Potomac 2018 06 08 POD2807 file01.CP49,6/20/2018,2,TRUE,2
Potomac 2018 06 08 POD2807 file01.CP50,6/20/2018,7,TRUE,1
Potomac 2018 06 08 POD2807 file01.CP51,6/20/2018,19,TRUE,2
Potomac 2018 06 08 POD2807 file01.CP52,6/20/2018,22,TRUE,1
Potomac 2018 06 08 POD2807 file01.CP53,6/21/2018,2,TRUE,1
Potomac 2018 06 08 POD2807 file01.CP54,6/21/2018,11,TRUE,3
Potomac 2018 06 08 POD2807 file01.CP55,6/22/2018,10,TRUE,10
Potomac 2018 06 08 POD2807 file01.CP56,6/23/2018,1,TRUE,1
Potomac 2018 06 08 POD2807 file01.CP57,6/23/2018,4,TRUE,2
Potomac 2018 06 08 POD2807 file01.CP58,6/23/2018,5,TRUE,9
Potomac 2018 06 08 POD2807 file01.CP59,6/23/2018,7,TRUE,2
Potomac 2018 06 08 POD2807 file01.CP60,6/23/2018,12,TRUE,2
Potomac 2018 06 08 POD2807 file01.CP61,6/23/2018,17,TRUE,1
Potomac 2018 06 08 POD2807 file01.CP62,6/23/2018,21,TRUE,6
Potomac 2018 06 08 POD2807 file01.CP63,6/23/2018,22,TRUE,3
Potomac 2018 06 08 POD2807 file01.CP64,6/24/2018,1,TRUE,13
Potomac 2018 06 08 POD2807 file01.CP65,6/24/2018,4,TRUE,1
Potomac 2018 06 08 POD2807 file01.CP66,6/24/2018,5,TRUE,7
Potomac 2018 06 08 POD2807 file01.CP67,6/24/2018,12,TRUE,2
Potomac 2018 06 08 POD2807 file01.CP68,6/24/2018,19,TRUE,2
Potomac 2018 06 08 POD2807 file01.CP69,6/25/2018,4,TRUE,5
Potomac 2018 06 08 POD2807 file01.CP70,6/25/2018,23,TRUE,2
Potomac 2018 06 08 POD2807 file01.CP71,6/26/2018,0,TRUE,22
Potomac 2018 06 08 POD2807 file01.CP72,6/26/2018,1,TRUE,10
Potomac 2018 06 08 POD2807 file01.CP73,6/26/2018,2,TRUE,3
Potomac 2018 06 08 POD2807 file01.CP74,6/26/2018,3,TRUE,15
Potomac 2018 06 08 POD2807 file01.CP75,6/26/2018,4,TRUE,1
Potomac 2018 06 08 POD2807 file01.CP76,6/26/2018,11,TRUE,1
Potomac 2018 06 08 POD2807 file01.CP77,6/27/2018,20,TRUE,1
Potomac 2018 06 08 POD2807 file01.CP78,6/27/2018,22,TRUE,1
Potomac 2018 06 08 POD2807 file01.CP79,6/28/2018,5,TRUE,1
Potomac 2018 06 08 POD2807 file01.CP80,6/28/2018,6,TRUE,4
Potomac 2018 06 08 POD2807 file01.CP81,6/28/2018,7,TRUE,2
Potomac 2018 06 08 POD2807 file01.CP82,6/28/2018,20,TRUE,1
Potomac 2018 06 08 POD2807 file01.CP83,6/29/2018,6,TRUE,1
Potomac 2018 06 08 POD2807 file01.CP84,6/29/2018,7,TRUE,4
Potomac 2018 06 08 POD2807 file01.CP85,6/30/2018,23,TRUE,17
Potomac 2018 06 08 POD2807 file01.CP86,7/1/2018,0,TRUE,27
Potomac 2018 06 08 POD2807 file01.CP87,7/1/2018,1,TRUE,31
Potomac 2018 06 08 POD2807 file01.CP88,7/1/2018,2,TRUE,19
Potomac 2018 06 08 POD2807 file01.CP89,7/1/2018,3,TRUE,31
Potomac 2018 06 08 POD2807 file01.CP90,7/1/2018,4,TRUE,8
Potomac 2018 06 08 POD2807 file01.CP91,7/1/2018,7,TRUE,22
Potomac 2018 06 08 POD2807 file01.CP92,7/1/2018,8,TRUE,25
Potomac 2018 06 08 POD2807 file01.CP93,7/1/2018,9,TRUE,28
Potomac 2018 06 08 POD2807 file01.CP94,7/1/2018,10,TRUE,19
Potomac 2018 06 08 POD2807 file01.CP95,7/1/2018,11,TRUE,7
Potomac 2018 06 08 POD2807 file01.CP96,7/1/2018,12,TRUE,19
Potomac 2018 06 08 POD2807 file01.CP97,7/1/2018,13,TRUE,9
Potomac 2018 06 08 POD2807 file01.CP98,7/1/2018,14,TRUE,8
Potomac 2018 06 08 POD2807 file01.CP99,7/1/2018,15,TRUE,37
Potomac 2018 06 08 POD2807 file01.CP100,7/1/2018,16,TRUE,38
Potomac 2018 06 08 POD2807 file01.CP101,7/1/2018,17,TRUE,14
Potomac 2018 06 08 POD2807 file01.CP102,7/1/2018,19,TRUE,2
Potomac 2018 06 08 POD2807 file01.CP103,7/1/2018,20,TRUE,18
Potomac 2018 06 08 POD2807 file01.CP104,7/1/2018,21,TRUE,5
Potomac 2018 06 08 POD2807 file01.CP105,7/1/2018,22,TRUE,12
Potomac 2018 06 08 POD2807 file01.CP106,7/1/2018,23,TRUE,12
Potomac 2018 06 08 POD2807 file01.CP107,7/2/2018,0,TRUE,5
Potomac 2018 06 08 POD2807 file01.CP108,7/2/2018,2,TRUE,16
Potomac 2018 06 08 POD2807 file01.CP109,7/2/2018,3,TRUE,8
Potomac 2018 06 08 POD2807 file01.CP110,7/2/2018,8,TRUE,2
Potomac 2018 06 08 POD2807 file01.CP111,7/2/2018,23,TRUE,3
Potomac 2018 06 08 POD2807 file01.CP112,7/3/2018,0,TRUE,26
Potomac 2018 06 08 POD2807 file01.CP113,7/3/2018,1,TRUE,9
Potomac 2018 06 08 POD2807 file01.CP114,7/3/2018,5,TRUE,5
Potomac 2018 06 08 POD2807 file01.CP115,7/3/2018,6,TRUE,1
Potomac 2018 06 08 POD2807 file01.CP116,7/3/2018,7,TRUE,3
Potomac 2018 06 08 POD2807 file01.CP117,7/3/2018,16,TRUE,9
Potomac 2018 06 08 POD2807 file01.CP118,7/3/2018,17,TRUE,3
Potomac 2018 06 08 POD2807 file01.CP119,7/3/2018,21,TRUE,2
Potomac 2018 06 08 POD2807 file01.CP120,7/3/2018,22,TRUE,6
Potomac 2018 06 08 POD2807 file01.CP121,7/4/2018,2,TRUE,11
Potomac 2018 06 08 POD2807 file01.CP122,7/4/2018,3,TRUE,1
Potomac 2018 06 08 POD2807 file01.CP123,7/4/2018,4,TRUE,10
Potomac 2018 06 08 POD2807 file01.CP124,7/4/2018,5,TRUE,7
Potomac 2018 06 08 POD2807 file01.CP125,7/4/2018,12,TRUE,1
Potomac 2018 06 08 POD2807 file01.CP126,7/5/2018,0,TRUE,1
Potomac 2018 06 08 POD2807 file01.CP127,7/5/2018,6,TRUE,2
Potomac 2018 06 08 POD2807 file01.CP128,7/5/2018,21,TRUE,5
Potomac 2018 06 08 POD2807 file01.CP129,7/6/2018,0,TRUE,2
Potomac 2018 06 08 POD2807 file01.CP130,7/6/2018,12,TRUE,2
Potomac 2018 06 08 POD2807 file01.CP131,7/6/2018,16,TRUE,3
Potomac 2018 06 08 POD2807 file01.CP132,7/7/2018,14,TRUE,1
Potomac 2018 06 08 POD2807 file01.CP133,7/8/2018,10,TRUE,4
Potomac 2018 06 08 POD2807 file01.CP134,7/8/2018,11,TRUE,13
Potomac 2018 06 08 POD2807 file01.CP135,7/8/2018,13,TRUE,3
Potomac 2018 06 08 POD2807 file01.CP136,7/8/2018,14,TRUE,5
Potomac 2018 06 08 POD2807 file01.CP137,7/8/2018,17,TRUE,4
Potomac 2018 06 08 POD2807 file01.CP138,7/9/2018,1,TRUE,3
Potomac 2018 06 08 POD2807 file01.CP139,7/9/2018,2,TRUE,2
Potomac 2018 06 08 POD2807 file01.CP140,7/9/2018,12,TRUE,1
Potomac 2018 06 08 POD2807 file01.CP141,7/9/2018,13,TRUE,1
Potomac 2018 06 08 POD2807 file01.CP142,7/9/2018,16,TRUE,4
Potomac 2018 06 08 POD2807 file01.CP143,7/9/2018,20,TRUE,16
Potomac 2018 06 08 POD2807 file01.CP144,7/9/2018,21,TRUE,4
Potomac 2018 06 08 POD2807 file01.CP145,7/9/2018,22,TRUE,3
Potomac 2018 06 08 POD2807 file01.CP146,7/10/2018,7,TRUE,1
Potomac 2018 06 08 POD2807 file01.CP147,7/10/2018,14,TRUE,1
Potomac 2018 06 08 POD2807 file01.CP148,7/10/2018,15,TRUE,1
Potomac 2018 06 08 POD2807 file01.CP149,7/10/2018,16,TRUE,1
Potomac 2018 06 08 POD2807 file01.CP150,7/11/2018,11,TRUE,3
Potomac 2018 06 08 POD2807 file01.CP151,7/11/2018,12,TRUE,18
Potomac 2018 06 08 POD2807 file01.CP152,7/11/2018,13,TRUE,17
Potomac 2018 06 08 POD2807 file01.CP153,7/11/2018,14,TRUE,1
Potomac 2018 06 08 POD2807 file01.CP154,7/12/2018,12,TRUE,2
Potomac 2018 06 08 POD2807 file01.CP155,7/12/2018,22,TRUE,4
Potomac 2018 06 08 POD2807 file01.CP156,7/13/2018,14,TRUE,4
Potomac 2018 06 08 POD2807 file01.CP157,7/14/2018,3,TRUE,2
Potomac 2018 06 08 POD2807 file01.CP158,7/14/2018,5,TRUE,6
Potomac 2018 06 08 POD2807 file01.CP159,7/14/2018,13,TRUE,22
Potomac 2018 06 08 POD2807 file01.CP160,7/14/2018,16,TRUE,3
Potomac 2018 06 08 POD2807 file01.CP161,7/14/2018,20,TRUE,3
Potomac 2018 06 08 POD2807 file01.CP162,7/15/2018,16,TRUE,19
Potomac 2018 06 08 POD2807 file01.CP163,7/16/2018,0,TRUE,1
Potomac 2018 06 08 POD2807 file01.CP164,7/16/2018,10,TRUE,3
Potomac 2018 06 08 POD2807 file01.CP165,7/16/2018,12,TRUE,7
Potomac 2018 06 08 POD2807 file01.CP166,7/17/2018,3,TRUE,3
Potomac 2018 06 08 POD2807 file01.CP167,7/17/2018,6,TRUE,2
Potomac 2018 06 08 POD2807 file01.CP168,7/17/2018,8,TRUE,1
Potomac 2018 06 08 POD2807 file01.CP169,7/17/2018,9,TRUE,2
Potomac 2018 06 08 POD2807 file01.CP170,7/18/2018,23,TRUE,1
Potomac 2018 06 08 POD2807 file01.CP171,7/20/2018,20,TRUE,2
Potomac 2018 06 08 POD2807 file01.CP172,7/21/2018,23,TRUE,10
Potomac 2018 06 08 POD2807 file01.CP173,7/22/2018,3,TRUE,6
Potomac 2018 06 08 POD2807 file01.CP174,7/22/2018,8,TRUE,1
Potomac 2018 06 08 POD2807 file01.CP175,7/22/2018,9,TRUE,1
Potomac 2018 06 08 POD2807 file01.CP176,7/22/2018,13,TRUE,1
Potomac 2018 06 08 POD2807 file01.CP177,7/23/2018,8,TRUE,1
Potomac 2018 06 08 POD2807 file01.CP178,7/23/2018,15,TRUE,2
Potomac 2018 06 08 POD2807 file01.CP179,7/23/2018,16,TRUE,14
Potomac 2018 06 08 POD2807 file01.CP180,7/24/2018,22,TRUE,1
Potomac 2018 06 08 POD2807 file01.CP181,7/25/2018,22,TRUE,1
Potomac 2018 06 08 POD2807 file01.CP182,7/28/2018,4,TRUE,3
Potomac 2018 06 08 POD2807 file01.CP183,7/28/2018,8,TRUE,1
Potomac 2018 06 08 POD2807 file01.CP184,7/28/2018,17,TRUE,1
Potomac 2018 06 08 POD2807 file01.CP185,7/28/2018,23,TRUE,26
Potomac 2018 06 08 POD2807 file01.CP186,7/29/2018,0,TRUE,5
Potomac 2018 06 08 POD2807 file01.CP187,7/29/2018,2,TRUE,7
Potomac 2018 06 08 POD2807 file01.CP188,7/29/2018,16,TRUE,6
Potomac 2018 06 08 POD2807 file01.CP189,7/29/2018,18,TRUE,1
Potomac 2018 06 08 POD2807 file01.CP190,7/30/2018,11,TRUE,1
Potomac 2018 06 08 POD2807 file01.CP191,7/31/2018,1,TRUE,8
Potomac 2018 06 08 POD2807 file01.CP192,7/31/2018,2,TRUE,6
Potomac 2018 06 08 POD2807 file01.CP193,7/31/2018,3,TRUE,6
Potomac 2018 06 08 POD2807 file01.CP194,7/31/2018,5,TRUE,7
Potomac 2018 06 08 POD2807 file01.CP195,7/31/2018,7,TRUE,1
Potomac 2018 06 08 POD2807 file01.CP196,7/31/2018,8,TRUE,3
Potomac 2018 06 08 POD2807 file01.CP197,7/31/2018,9,TRUE,1
Potomac 2018 06 08 POD2807 file01.CP198,8/1/2018,15,TRUE,1
Potomac 2018 06 08 POD2807 file01.CP199,8/1/2018,16,TRUE,4
Potomac 2018 06 08 POD2807 file01.CP200,8/2/2018,1,TRUE,1
Potomac 2018 06 08 POD2807 file01.CP201,8/2/2018,3,TRUE,5
Potomac 2018 06 08 POD2807 file01.CP202,8/2/2018,7,TRUE,14
Potomac 2018 06 08 POD2807 file01.CP203,8/2/2018,8,TRUE,13
Potomac 2018 06 08 POD2807 file01.CP204,8/2/2018,17,TRUE,1
Potomac 2018 06 08 POD2807 file01.CP205,8/2/2018,19,TRUE,1
Potomac 2018 06 08 POD2807 file01.CP206,8/2/2018,23,TRUE,20
Potomac 2018 06 08 POD2807 file01.CP207,8/3/2018,0,TRUE,15
Potomac 2018 06 08 POD2807 file01.CP208,8/3/2018,4,TRUE,3
Potomac 2018 06 08 POD2807 file01.CP209,8/3/2018,5,TRUE,21
Potomac 2018 06 08 POD2807 file01.CP210,8/3/2018,10,TRUE,3
Potomac 2018 06 08 POD2807 file01.CP211,8/4/2018,12,TRUE,5
Potomac 2018 06 08 POD2807 file01.CP212,8/4/2018,13,TRUE,2
Potomac 2018 06 08 POD2807 file01.CP213,8/4/2018,21,TRUE,1
Potomac 2018 06 08 POD2807 file01.CP214,8/5/2018,2,TRUE,18
Potomac 2018 06 08 POD2807 file01.CP215,8/5/2018,3,TRUE,22
Potomac 2018 06 08 POD2807 file01.CP216,8/5/2018,16,TRUE,11
Potomac 2018 06 08 POD2807 file01.CP217,8/5/2018,17,TRUE,2
Potomac 2018 06 08 POD2807 file01.CP218,8/6/2018,11,TRUE,3
Potomac 2018 06 08 POD2807 file01.CP219,8/6/2018,13,TRUE,22
Potomac 2018 06 08 POD2807 file01.CP220,8/6/2018,23,TRUE,1
Potomac 2018 06 08 POD2807 file01.CP221,8/8/2018,1,TRUE,11
Potomac 2018 06 08 POD2807 file01.CP222,8/8/2018,17,TRUE,11
Potomac 2018 06 08 POD2807 file01.CP223,8/9/2018,3,TRUE,1
Potomac 2018 06 08 POD2807 file01.CP224,8/9/2018,4,TRUE,1
Potomac 2018 06 08 POD2807 file01.CP225,8/9/2018,9,TRUE,1
Potomac 2018 06 08 POD2807 file01.CP226,8/9/2018,20,TRUE,3
Potomac 2018 06 08 POD2807 file01.CP227,8/9/2018,21,TRUE,1
Potomac 2018 06 08 POD2807 file01.CP228,8/10/2018,3,TRUE,1
Potomac 2018 06 08 POD2807 file01.CP229,8/10/2018,4,TRUE,3
Potomac 2018 06 08 POD2807 file01.CP230,8/10/2018,18,TRUE,2
Potomac 2018 06 08 POD2807 file01.CP231,8/11/2018,0,TRUE,3
Potomac 2018 06 08 POD2807 file01.CP232,8/11/2018,13,TRUE,1
Potomac 2018 06 08 POD2807 file01.CP233,8/11/2018,20,TRUE,3
Potomac 2018 06 08 POD2807 file01.CP234,8/12/2018,10,TRUE,3
Potomac 2018 06 08 POD2807 file01.CP235,8/12/2018,11,TRUE,2
Potomac 2018 06 08 POD2807 file01.CP236,8/14/2018,11,TRUE,6
Potomac 2018 06 08 POD2807 file01.CP237,8/14/2018,16,TRUE,17
Potomac 2018 06 08 POD2807 file01.CP238,8/16/2018,1,TRUE,2
Potomac 2018 06 08 POD2807 file01.CP239,8/16/2018,9,TRUE,2
Potomac 2018 06 08 POD2807 file01.CP240,8/16/2018,22,TRUE,7
Potomac 2018 06 08 POD2807 file01.CP241,8/17/2018,2,TRUE,1
Potomac 2018 06 08 POD2807 file01.CP242,8/17/2018,8,TRUE,1
Potomac 2018 06 08 POD2807 file01.CP243,8/17/2018,13,TRUE,4
Potomac 2018 06 08 POD2807 file01.CP244,8/18/2018,13,TRUE,1
Potomac 2018 06 08 POD2807 file01.CP245,8/19/2018,1,TRUE,15
Potomac 2018 06 08 POD2807 file01.CP246,8/19/2018,2,TRUE,1
Potomac 2018 06 08 POD2807 file01.CP247,8/19/2018,17,TRUE,2
Potomac 2018 06 08 POD2807 file01.CP248,8/20/2018,10,TRUE,1
Potomac 2018 06 08 POD2807 file01.CP249,8/20/2018,12,TRUE,2
Potomac 2018 06 08 POD2807 file01.CP250,8/20/2018,23,TRUE,3
Potomac 2018 06 08 POD2807 file01.CP251,8/21/2018,18,TRUE,2
Potomac 2018 06 08 POD2807 file01.CP252,8/21/2018,19,TRUE,4
Potomac 2018 06 08 POD2807 file01.CP253,8/22/2018,7,TRUE,8
Potomac 2018 06 08 POD2807 file01.CP254,8/22/2018,8,TRUE,3
Potomac 2018 06 08 POD2807 file01.CP255,8/22/2018,12,TRUE,8
Potomac 2018 06 08 POD2807 file01.CP256,8/24/2018,5,TRUE,13
Potomac 2018 06 08 POD2807 file01.CP257,8/24/2018,10,TRUE,2
Potomac 2018 06 08 POD2807 file01.CP258,8/25/2018,5,TRUE,1
Potomac 2018 06 08 POD2807 file01.CP259,8/25/2018,15,TRUE,1
Potomac 2018 06 08 POD2807 file01.CP260,8/26/2018,0,TRUE,1
Potomac 2018 06 08 POD2807 file01.CP261,8/26/2018,1,TRUE,1
Potomac 2018 06 08 POD2807 file01.CP262,8/26/2018,3,TRUE,4
Potomac 2018 06 08 POD2807 file01.CP263,8/26/2018,4,TRUE,9
Potomac 2018 06 08 POD2807 file01.CP264,8/26/2018,5,TRUE,1
Potomac 2018 06 08 POD2807 file01.CP265,8/26/2018,10,TRUE,1
Potomac 2018 06 08 POD2807 file01.CP266,8/26/2018,11,TRUE,4
Potomac 2018 06 08 POD2807 file01.CP267,8/27/2018,3,TRUE,2
Potomac 2018 06 08 POD2807 file01.CP268,8/27/2018,7,TRUE,2
Potomac 2018 06 08 POD2807 file01.CP269,8/28/2018,7,TRUE,5
Potomac 2018 06 08 POD2807 file01.CP270,8/28/2018,8,TRUE,3
Potomac 2018 06 08 POD2807 file01.CP271,8/28/2018,11,TRUE,2
Potomac 2018 06 08 POD2807 file01.CP272,8/28/2018,22,TRUE,1
Potomac 2018 06 08 POD2807 file01.CP273,8/29/2018,6,TRUE,3
Potomac 2018 06 08 POD2807 file01.CP274,8/29/2018,21,TRUE,7
Potomac 2018 06 08 POD2807 file01.CP275,8/29/2018,22,TRUE,9
Potomac 2018 06 08 POD2807 file01.CP276,8/30/2018,8,TRUE,2
Potomac 2018 06 08 POD2807 file01.CP277,8/30/2018,12,TRUE,4
Potomac 2018 06 08 POD2807 file01.CP278,8/30/2018,13,TRUE,1
Potomac 2018 06 08 POD2807 file01.CP279,8/31/2018,3,TRUE,4
Potomac 2018 06 08 POD2807 file01.CP280,8/31/2018,4,TRUE,23
Potomac 2018 06 08 POD2807 file01.CP281,8/31/2018,5,TRUE,7
Potomac 2018 06 08 POD2807 file01.CP282,8/31/2018,7,TRUE,1
Potomac 2018 06 08 POD2807 file01.CP283,8/31/2018,13,TRUE,1
Potomac 2018 06 08 POD2807 file01.CP284,8/31/2018,19,TRUE,7
Potomac 2018 06 08 POD2807 file01.CP285,9/1/2018,7,TRUE,14
Potomac 2018 06 08 POD2807 file01.CP286,9/1/2018,11,TRUE,4
Potomac 2018 06 08 POD2807 file01.CP287,9/2/2018,2,TRUE,7
Potomac 2018 06 08 POD2807 file01.CP288,9/2/2018,3,TRUE,1
Potomac 2018 06 08 POD2807 file01.CP289,9/2/2018,10,TRUE,2
Potomac 2018 06 08 POD2807 file01.CP290,9/3/2018,1,TRUE,9
Potomac 2018 06 08 POD2807 file01.CP291,9/3/2018,2,TRUE,14
Potomac 2018 06 08 POD2807 file01.CP292,9/3/2018,3,TRUE,1
Potomac 2018 06 08 POD2807 file01.CP293,9/3/2018,12,TRUE,3
Potomac 2018 06 08 POD2807 file01.CP294,9/3/2018,13,TRUE,2
Potomac 2018 06 08 POD2807 file01.CP295,9/4/2018,12,TRUE,13
Potomac 2018 06 08 POD2807 file01.CP296,9/4/2018,18,TRUE,2
Potomac 2018 06 08 POD2807 file01.CP297,9/4/2018,21,TRUE,1
Potomac 2018 06 08 POD2807 file01.CP298,9/5/2018,4,TRUE,12
Potomac 2018 06 08 POD2807 file01.CP299,9/5/2018,5,TRUE,1
Potomac 2018 06 08 POD2807 file01.CP300,9/5/2018,9,TRUE,3
Potomac 2018 06 08 POD2807 file01.CP301,9/5/2018,20,TRUE,1
Potomac 2018 06 08 POD2807 file01.CP302,9/6/2018,1,TRUE,1
Potomac 2018 06 08 POD2807 file01.CP303,9/6/2018,2,TRUE,10
Potomac 2018 06 08 POD2807 file01.CP304,9/6/2018,4,TRUE,1
Potomac 2018 06 08 POD2807 file01.CP305,9/6/2018,19,TRUE,16
Potomac 2018 06 08 POD2807 file01.CP306,9/6/2018,20,TRUE,10
Potomac 2018 06 08 POD2807 file01.CP307,9/7/2018,16,TRUE,5
Potomac 2018 06 08 POD2807 file01.CP308,9/10/2018,9,TRUE,2
Potomac 2018 06 08 POD2807 file01.CP309,9/10/2018,21,TRUE,6
Potomac 2018 06 08 POD2807 file01.CP310,9/11/2018,7,TRUE,2
Potomac 2018 06 08 POD2807 file01.CP311,9/12/2018,0,TRUE,5
Potomac 2018 06 08 POD2807 file01.CP312,9/12/2018,1,TRUE,4
Potomac 2018 06 08 POD2807 file01.CP313,9/12/2018,4,TRUE,4
Potomac 2018 06 08 POD2807 file01.CP314,9/12/2018,5,TRUE,3
Potomac 2018 06 08 POD2807 file01.CP315,9/12/2018,16,TRUE,8
Potomac 2018 06 08 POD2807 file01.CP316,9/14/2018,20,TRUE,1
Potomac 2018 06 08 POD2807 file01.CP317,9/20/2018,2,TRUE,11
Potomac 2018 06 08 POD2807 file01.CP318,9/21/2018,2,TRUE,4
Potomac 2018 06 08 POD2807 file01.CP319,9/21/2018,3,TRUE,1
Potomac 2018 06 08 POD2807 file01.CP320,9/21/2018,15,TRUE,8
Potomac 2018 06 08 POD2807 file01.CP321,9/22/2018,2,TRUE,6
Potomac 2018 06 08 POD2807 file01.CP322,9/22/2018,3,TRUE,6
Potomac 2018 06 08 POD2807 file01.CP323,9/22/2018,4,TRUE,1
Potomac 2018 06 08 POD2807 file01.CP324,9/22/2018,5,TRUE,4
Potomac 2018 06 08 POD2807 file01.CP325,9/22/2018,6,TRUE,1
Potomac 2018 06 08 POD2807 file01.CP326,9/22/2018,8,TRUE,4
Potomac 2018 06 08 POD2807 file01.CP327,9/25/2018,3,TRUE,5
Potomac 2018 06 08 POD2807 file01.CP328,9/25/2018,4,TRUE,1
Potomac 2018 06 08 POD2807 file01.CP329,9/26/2018,5,TRUE,11
Potomac 2018 06 08 POD2807 file01.CP330,9/26/2018,12,TRUE,2
Potomac 2018 06 08 POD2807 file01.CP331,9/28/2018,3,TRUE,3
Potomac 2018 06 08 POD2807 file01.CP332,9/28/2018,23,TRUE,2
Potomac 2018 06 08 POD2807 file01.CP333,9/29/2018,0,TRUE,3
Potomac 2018 06 08 POD2807 file01.CP334,9/29/2018,2,TRUE,9
Potomac 2018 06 08 POD2807 file01.CP335,9/29/2018,3,TRUE,2
Potomac 2018 06 08 POD2807 file01.CP336,9/29/2018,4,TRUE,12
Potomac 2018 06 08 POD2807 file01.CP337,9/30/2018,0,TRUE,2
Potomac 2018 06 08 POD2807 file01.CP338,9/30/2018,9,TRUE,1
Potomac 2018 06 08 POD2807 file01.CP339,9/30/2018,10,TRUE,3
Potomac 2018 06 08 POD2807 file01.CP340,10/1/2018,0,TRUE,1
Potomac 2018 06 08 POD2807 file01.CP341,10/1/2018,8,TRUE,2
Potomac 2018 06 08 POD2807 file01.CP342,10/2/2018,0,TRUE,6
Potomac 2018 06 08 POD2807 file01.CP343,10/3/2018,3,TRUE,2
Potomac 2018 06 08 POD2807 file01.CP344,10/3/2018,4,TRUE,1
Potomac 2018 06 08 POD2807 file01.CP345,10/3/2018,8,TRUE,4
Potomac 2018 06 08 POD2807 file01.CP346,10/4/2018,5,TRUE,7
Potomac 2018 06 08 POD2807 file01.CP347,10/6/2018,1,TRUE,3
Potomac 2018 06 08 POD2807 file01.CP348,10/6/2018,10,TRUE,4
Potomac 2018 06 08 POD2807 file01.CP349,10/6/2018,13,TRUE,6
Potomac 2018 06 08 POD2807 file01.CP350,10/6/2018,23,TRUE,3
Potomac 2018 06 08 POD2807 file01.CP351,10/7/2018,0,TRUE,6
Potomac 2018 06 08 POD2807 file01.CP352,10/7/2018,12,TRUE,1
Potomac 2018 06 08 POD2807 file01.CP353,10/8/2018,7,TRUE,4
Potomac 2018 06 08 POD2807 file01.CP354,10/9/2018,9,TRUE,2
Potomac 2018 06 08 POD2807 file01.CP355,10/9/2018,10,TRUE,1
Potomac 2018 06 08 POD2807 file01.CP356,10/9/2018,14,TRUE,2
Potomac 2018 06 08 POD2807 file01.CP357,10/9/2018,15,TRUE,15
Potomac 2018 06 08 POD2807 file01.CP358,10/10/2018,12,TRUE,4
Potomac 2018 06 08 POD2807 file01.CP359,10/11/2018,1,TRUE,3
Potomac 2018 06 08 POD2807 file01.CP360,10/11/2018,3,TRUE,30
Potomac 2018 06 08 POD2807 file01.CP361,10/11/2018,4,TRUE,10
Potomac 2018 06 08 POD2807 file01.CP362,10/11/2018,12,TRUE,10
Potomac 2018 06 08 POD2807 file01.CP363,10/12/2018,22,TRUE,7
Potomac 2018 06 08 POD2807 file01.CP364,10/13/2018,4,TRUE,6
Potomac 2018 06 08 POD2807 file01.CP365,10/13/2018,5,TRUE,2
Potomac 2018 06 08 POD2807 file01.CP366,10/13/2018,6,TRUE,2
Potomac 2018 06 08 POD2807 file01.CP367,10/14/2018,6,TRUE,7
Potomac 2018 06 08 POD2807 file01.CP368,10/16/2018,0,TRUE,1
Potomac 2018 06 08 POD2807 file01.CP369,10/16/2018,8,TRUE,1
Potomac 2018 06 08 POD2807 file01.CP370,10/18/2018,5,TRUE,2
Potomac 2018 06 08 POD2807 file01.CP371,10/22/2018,12,TRUE,15
Potomac 2018 06 08 POD2807 file01.CP372,10/22/2018,13,TRUE,2
Potomac 2018 06 08 POD2807 file01.CP373,10/30/2018,5,TRUE,2
Potomac 2017 01 2017 05 10 POD2969 file01.CP3,5/19/2017,10,TRUE,9
Potomac 2017 01 2017 05 10 POD2969 file01.CP4,5/21/2017,6,TRUE,3
Potomac 2017 01 2017 05 10 POD2969 file01.CP5,5/21/2017,13,TRUE,1
Potomac 2017 01 2017 05 10 POD2969 file01.CP6,5/22/2017,5,TRUE,8
Potomac 2017 01 2017 05 10 POD2969 file01.CP7,5/23/2017,0,TRUE,1
Potomac 2017 01 2017 05 10 POD2969 file01.CP8,5/24/2017,13,TRUE,1
Potomac 2017 01 2017 05 10 POD2969 file01.CP9,5/25/2017,9,TRUE,1
Potomac 2017 01 2017 05 10 POD2969 file01.CP10,5/25/2017,11,TRUE,2
Potomac 2017 01 2017 05 10 POD2969 file01.CP11,5/25/2017,17,TRUE,2
Potomac 2017 01 2017 05 10 POD2969 file01.CP12,5/26/2017,8,TRUE,4
Potomac 2017 01 2017 05 10 POD2969 file01.CP13,5/26/2017,9,TRUE,2
Potomac 2017 01 2017 05 10 POD2969 file01.CP14,5/26/2017,20,TRUE,4
Potomac 2017 01 2017 05 10 POD2969 file01.CP15,5/26/2017,21,TRUE,7
Potomac 2017 01 2017 05 10 POD2969 file01.CP16,5/26/2017,23,TRUE,1
Potomac 2017 01 2017 05 10 POD2969 file01.CP17,5/27/2017,2,TRUE,1
Potomac 2017 01 2017 05 10 POD2969 file01.CP18,5/27/2017,5,TRUE,4
Potomac 2017 01 2017 05 10 POD2969 file01.CP19,5/27/2017,6,TRUE,2
Potomac 2017 01 2017 05 10 POD2969 file01.CP20,5/27/2017,15,TRUE,5
Potomac 2017 01 2017 05 10 POD2969 file01.CP21,5/27/2017,16,TRUE,6
Potomac 2017 01 2017 05 10 POD2969 file01.CP22,5/28/2017,8,TRUE,1
Potomac 2017 01 2017 05 10 POD2969 file01.CP23,5/29/2017,17,TRUE,10
Potomac 2017 01 2017 05 10 POD2969 file01.CP24,5/29/2017,18,TRUE,22
Potomac 2017 01 2017 05 10 POD2969 file01.CP25,5/30/2017,2,TRUE,2
Potomac 2017 01 2017 05 10 POD2969 file01.CP26,5/31/2017,2,TRUE,5
Potomac 2017 01 2017 05 10 POD2969 file01.CP27,5/31/2017,3,TRUE,3
Potomac 2017 01 2017 05 10 POD2969 file01.CP28,5/31/2017,4,TRUE,13
Potomac 2017 01 2017 05 10 POD2969 file01.CP29,6/2/2017,1,TRUE,2
Potomac 2017 01 2017 05 10 POD2969 file01.CP30,6/2/2017,9,TRUE,5
Potomac 2017 01 2017 05 10 POD2969 file01.CP31,6/2/2017,10,TRUE,6
Potomac 2017 06 02 POD2969 file01.CP3,6/3/2017,22,TRUE,1
Potomac 2017 06 02 POD2969 file01.CP4,6/4/2017,2,TRUE,13
Potomac 2017 06 02 POD2969 file01.CP5,6/4/2017,4,TRUE,10
Potomac 2017 06 02 POD2969 file01.CP6,6/4/2017,9,TRUE,5
Potomac 2017 06 02 POD2969 file01.CP7,6/4/2017,17,TRUE,11
Potomac 2017 06 02 POD2969 file01.CP8,6/4/2017,18,TRUE,1
Potomac 2017 06 02 POD2969 file01.CP9,6/4/2017,22,TRUE,18
Potomac 2017 06 02 POD2969 file01.CP10,6/4/2017,23,TRUE,24
Potomac 2017 06 02 POD2969 file01.CP11,6/5/2017,1,TRUE,4
Potomac 2017 06 02 POD2969 file01.CP12,6/5/2017,2,TRUE,8
Potomac 2017 06 02 POD2969 file01.CP13,6/5/2017,3,TRUE,7
Potomac 2017 06 02 POD2969 file01.CP14,6/5/2017,12,TRUE,2
Potomac 2017 06 02 POD2969 file01.CP15,6/5/2017,13,TRUE,2
Potomac 2017 06 02 POD2969 file01.CP16,6/5/2017,20,TRUE,1
Potomac 2017 06 02 POD2969 file01.CP17,6/6/2017,4,TRUE,14
Potomac 2017 06 02 POD2969 file01.CP18,6/6/2017,5,TRUE,10
Potomac 2017 06 02 POD2969 file01.CP19,6/6/2017,15,TRUE,1
Potomac 2017 06 02 POD2969 file01.CP20,6/8/2017,5,TRUE,4
Potomac 2017 06 02 POD2969 file01.CP21,6/8/2017,14,TRUE,4
Potomac 2017 06 02 POD2969 file01.CP22,6/8/2017,15,TRUE,4
Potomac 2017 06 02 POD2969 file01.CP23,6/8/2017,23,TRUE,7
Potomac 2017 06 02 POD2969 file01.CP24,6/9/2017,1,TRUE,2
Potomac 2017 06 02 POD2969 file01.CP25,6/9/2017,2,TRUE,3
Potomac 2017 06 02 POD2969 file01.CP26,6/9/2017,4,TRUE,9
Potomac 2017 06 02 POD2969 file01.CP27,6/9/2017,5,TRUE,8
Potomac 2017 06 02 POD2969 file01.CP28,6/9/2017,16,TRUE,11
Potomac 2017 06 02 POD2969 file01.CP29,6/9/2017,17,TRUE,1
Potomac 2017 06 02 POD2969 file01.CP30,6/9/2017,20,TRUE,6
Potomac 2017 06 02 POD2969 file01.CP31,6/9/2017,23,TRUE,23
Potomac 2017 06 02 POD2969 file01.CP32,6/10/2017,0,TRUE,22
Potomac 2017 06 02 POD2969 file01.CP33,6/10/2017,8,TRUE,1
Potomac 2017 06 02 POD2969 file01.CP34,6/10/2017,10,TRUE,23
Potomac 2017 06 02 POD2969 file01.CP35,6/11/2017,18,TRUE,14
Potomac 2017 06 02 POD2969 file01.CP36,6/11/2017,19,TRUE,24
Potomac 2017 06 02 POD2969 file01.CP37,6/11/2017,20,TRUE,34
Potomac 2017 06 02 POD2969 file01.CP38,6/11/2017,21,TRUE,27
Potomac 2017 06 02 POD2969 file01.CP39,6/11/2017,22,TRUE,1
Potomac 2017 06 02 POD2969 file01.CP40,6/11/2017,23,TRUE,1
Potomac 2017 06 02 POD2969 file01.CP41,6/12/2017,11,TRUE,19
Potomac 2017 06 02 POD2969 file01.CP42,6/12/2017,12,TRUE,1
Potomac 2017 06 02 POD2969 file01.CP43,6/12/2017,22,TRUE,10
Potomac 2017 06 02 POD2969 file01.CP44,6/13/2017,8,TRUE,1
Potomac 2017 06 02 POD2969 file01.CP45,6/13/2017,9,TRUE,2
Potomac 2017 06 02 POD2969 file01.CP46,6/13/2017,10,TRUE,30
Potomac 2017 06 02 POD2969 file01.CP47,6/13/2017,11,TRUE,1
Potomac 2017 06 02 POD2969 file01.CP48,6/13/2017,20,TRUE,28
Potomac 2017 06 02 POD2969 file01.CP49,6/13/2017,21,TRUE,20
Potomac 2017 06 02 POD2969 file01.CP50,6/13/2017,22,TRUE,20
Potomac 2017 06 02 POD2969 file01.CP51,6/13/2017,23,TRUE,41
Potomac 2017 06 02 POD2969 file01.CP52,6/14/2017,0,TRUE,4
Potomac 2017 06 02 POD2969 file01.CP53,6/14/2017,22,TRUE,5
Potomac 2017 06 02 POD2969 file01.CP54,6/14/2017,23,TRUE,7
Potomac 2017 06 02 POD2969 file01.CP55,6/15/2017,0,TRUE,1
Potomac 2017 06 02 POD2969 file01.CP56,6/15/2017,1,TRUE,7
Potomac 2017 06 02 POD2969 file01.CP57,6/15/2017,2,TRUE,6
Potomac 2017 06 02 POD2969 file01.CP58,6/15/2017,6,TRUE,2
Potomac 2017 06 02 POD2969 file01.CP59,6/15/2017,7,TRUE,3
Potomac 2017 06 02 POD2969 file01.CP60,6/15/2017,17,TRUE,12
Potomac 2017 06 02 POD2969 file01.CP61,6/15/2017,19,TRUE,1
Potomac 2017 06 02 POD2969 file01.CP62,6/16/2017,1,TRUE,9
Potomac 2017 06 02 POD2969 file01.CP63,6/16/2017,2,TRUE,11
Potomac 2017 06 02 POD2969 file01.CP64,6/16/2017,3,TRUE,20
Potomac 2017 06 02 POD2969 file01.CP65,6/16/2017,7,TRUE,1
Potomac 2017 06 02 POD2969 file01.CP66,6/16/2017,8,TRUE,7
Potomac 2017 06 02 POD2969 file01.CP67,6/16/2017,12,TRUE,1
Potomac 2017 06 02 POD2969 file01.CP68,6/16/2017,13,TRUE,4
Potomac 2017 06 02 POD2969 file01.CP69,6/16/2017,16,TRUE,10
Potomac 2017 06 02 POD2969 file01.CP70,6/16/2017,20,TRUE,17
Potomac 2017 06 02 POD2969 file01.CP71,6/16/2017,21,TRUE,1
Potomac 2017 06 02 POD2969 file01.CP72,6/17/2017,1,TRUE,21
Potomac 2017 06 02 POD2969 file01.CP73,6/17/2017,2,TRUE,1
Potomac 2017 06 02 POD2969 file01.CP74,6/17/2017,5,TRUE,2
Potomac 2017 06 02 POD2969 file01.CP75,6/17/2017,9,TRUE,2
Potomac 2017 06 02 POD2969 file01.CP76,6/17/2017,10,TRUE,17
Potomac 2017 06 02 POD2969 file01.CP77,6/17/2017,12,TRUE,2
Potomac 2017 06 02 POD2969 file01.CP78,6/17/2017,13,TRUE,14
Potomac 2017 06 02 POD2969 file01.CP79,6/17/2017,19,TRUE,1
Potomac 2017 06 02 POD2969 file01.CP80,6/17/2017,23,TRUE,2
Potomac 2017 06 02 POD2969 file01.CP81,6/18/2017,0,TRUE,8
Potomac 2017 06 02 POD2969 file01.CP82,6/18/2017,3,TRUE,6
Potomac 2017 06 02 POD2969 file01.CP83,6/18/2017,6,TRUE,4
Potomac 2017 06 02 POD2969 file01.CP84,6/18/2017,17,TRUE,10
Potomac 2017 06 02 POD2969 file01.CP85,6/18/2017,18,TRUE,8
Potomac 2017 06 02 POD2969 file01.CP86,6/19/2017,3,TRUE,14
Potomac 2017 06 02 POD2969 file01.CP87,6/19/2017,4,TRUE,10
Potomac 2017 06 02 POD2969 file01.CP88,6/19/2017,20,TRUE,4
Potomac 2017 06 02 POD2969 file01.CP89,6/19/2017,22,TRUE,1
Potomac 2017 06 02 POD2969 file01.CP90,6/19/2017,23,TRUE,1
Potomac 2017 06 02 POD2969 file01.CP91,6/20/2017,11,TRUE,12
Potomac 2017 06 02 POD2969 file01.CP92,6/20/2017,12,TRUE,5
Potomac 2017 06 02 POD2969 file01.CP93,6/20/2017,13,TRUE,7
Potomac 2017 06 02 POD2969 file01.CP94,6/20/2017,14,TRUE,16
Potomac 2017 06 02 POD2969 file01.CP95,6/20/2017,21,TRUE,7
Potomac 2017 06 02 POD2969 file01.CP96,6/20/2017,22,TRUE,2
Potomac 2017 06 02 POD2969 file01.CP97,6/21/2017,0,TRUE,3
Potomac 2017 06 02 POD2969 file01.CP98,6/21/2017,1,TRUE,15
Potomac 2017 06 02 POD2969 file01.CP99,6/21/2017,23,TRUE,2
Potomac 2017 06 02 POD2969 file01.CP100,6/22/2017,0,TRUE,5
Potomac 2017 06 02 POD2969 file01.CP101,6/22/2017,1,TRUE,31
Potomac 2017 06 02 POD2969 file01.CP102,6/22/2017,2,TRUE,5
Potomac 2017 06 02 POD2969 file01.CP103,6/22/2017,3,TRUE,19
Potomac 2017 06 02 POD2969 file01.CP104,6/22/2017,4,TRUE,13
Potomac 2017 06 02 POD2969 file01.CP105,6/22/2017,5,TRUE,1
Potomac 2017 06 02 POD2969 file01.CP106,6/22/2017,22,TRUE,1
Potomac 2017 06 02 POD2969 file01.CP107,6/22/2017,23,TRUE,17
Potomac 2017 06 02 POD2969 file01.CP108,6/23/2017,0,TRUE,15
Potomac 2017 06 02 POD2969 file01.CP109,6/23/2017,2,TRUE,3
Potomac 2017 06 02 POD2969 file01.CP110,6/23/2017,4,TRUE,8
Potomac 2017 06 02 POD2969 file01.CP111,6/23/2017,5,TRUE,2
Potomac 2017 06 02 POD2969 file01.CP112,6/23/2017,18,TRUE,3
Potomac 2017 06 02 POD2969 file01.CP113,6/24/2017,0,TRUE,5
Potomac 2017 06 02 POD2969 file01.CP114,6/24/2017,19,TRUE,19
Potomac 2017 06 02 POD2969 file01.CP115,6/24/2017,20,TRUE,17
Potomac 2017 06 02 POD2969 file01.CP116,6/24/2017,23,TRUE,1
Potomac 2017 06 02 POD2969 file01.CP117,6/25/2017,0,TRUE,4
Potomac 2017 06 02 POD2969 file01.CP118,6/25/2017,1,TRUE,1
Potomac 2017 06 02 POD2969 file01.CP119,6/25/2017,3,TRUE,1
Potomac 2017 06 02 POD2969 file01.CP120,6/25/2017,6,TRUE,2
Potomac 2017 06 02 POD2969 file01.CP121,6/26/2017,3,TRUE,18
Potomac 2017 06 02 POD2969 file01.CP122,6/26/2017,4,TRUE,1
Potomac 2017 06 02 POD2969 file01.CP123,6/26/2017,7,TRUE,14
Potomac 2017 06 02 POD2969 file01.CP124,6/26/2017,13,TRUE,23
Potomac 2017 06 02 POD2969 file01.CP125,6/26/2017,16,TRUE,10
Potomac 2017 06 02 POD2969 file01.CP126,6/26/2017,18,TRUE,5
Potomac 2017 06 02 POD2969 file01.CP127,6/26/2017,19,TRUE,14
Potomac 2017 06 02 POD2969 file01.CP128,6/27/2017,1,TRUE,2
Potomac 2017 06 02 POD2969 file01.CP129,6/27/2017,7,TRUE,27
Potomac 2017 06 02 POD2969 file01.CP130,6/27/2017,8,TRUE,7
Potomac 2017 06 02 POD2969 file01.CP131,6/27/2017,11,TRUE,1
Potomac 2017 06 02 POD2969 file01.CP132,6/27/2017,12,TRUE,21
Potomac 2017 06 02 POD2969 file01.CP133,6/27/2017,14,TRUE,1
Potomac 2017 06 02 POD2969 file01.CP134,6/27/2017,15,TRUE,6
Potomac 2017 06 02 POD2969 file01.CP135,6/27/2017,16,TRUE,3
Potomac 2017 06 02 POD2969 file01.CP136,6/27/2017,17,TRUE,9
Potomac 2017 06 02 POD2969 file01.CP137,6/27/2017,18,TRUE,5
Potomac 2017 06 02 POD2969 file01.CP138,6/27/2017,19,TRUE,8
Potomac 2017 06 02 POD2969 file01.CP139,6/27/2017,20,TRUE,1
Potomac 2017 06 02 POD2969 file01.CP140,6/29/2017,0,TRUE,1
Potomac 2017 06 02 POD2969 file01.CP141,6/29/2017,1,TRUE,3
Potomac 2017 06 02 POD2969 file01.CP142,6/29/2017,16,TRUE,4
Potomac 2017 06 02 POD2969 file01.CP143,6/29/2017,21,TRUE,10
Potomac 2017 06 02 POD2969 file01.CP144,6/29/2017,22,TRUE,2
Potomac 2017 06 02 POD2969 file01.CP145,6/30/2017,15,TRUE,9
Potomac 2017 06 02 POD2969 file01.CP146,6/30/2017,16,TRUE,14
Potomac 2017 06 02 POD2969 file01.CP147,6/30/2017,18,TRUE,6
Potomac 2017 06 02 POD2969 file01.CP148,6/30/2017,19,TRUE,1
Potomac 2017 06 02 POD2969 file01.CP149,6/30/2017,20,TRUE,3
Potomac 2017 06 02 POD2969 file01.CP150,6/30/2017,21,TRUE,2
Potomac 2017 06 02 POD2969 file01.CP151,6/30/2017,23,TRUE,19
Potomac 2017 06 02 POD2969 file01.CP152,7/1/2017,0,TRUE,2
Potomac 2017 06 02 POD2969 file01.CP153,7/1/2017,4,TRUE,1
Potomac 2017 06 02 POD2969 file01.CP154,7/1/2017,5,TRUE,15
Potomac 2017 06 02 POD2969 file01.CP155,7/1/2017,6,TRUE,15
Potomac 2017 06 02 POD2969 file01.CP156,7/1/2017,7,TRUE,14
Potomac 2017 06 02 POD2969 file01.CP157,7/1/2017,8,TRUE,39
Potomac 2017 06 02 POD2969 file01.CP158,7/1/2017,9,TRUE,18
Potomac 2017 06 02 POD2969 file01.CP159,7/1/2017,10,TRUE,13
Potomac 2017 06 02 POD2969 file01.CP160,7/1/2017,17,TRUE,2
Potomac 2017 06 02 POD2969 file01.CP161,7/1/2017,18,TRUE,9
Potomac 2017 06 02 POD2969 file01.CP162,7/1/2017,19,TRUE,21
Potomac 2017 06 02 POD2969 file01.CP163,7/1/2017,21,TRUE,2
Potomac 2017 06 02 POD2969 file01.CP164,7/1/2017,22,TRUE,14
Potomac 2017 06 02 POD2969 file01.CP165,7/2/2017,5,TRUE,2
Potomac 2017 06 02 POD2969 file01.CP166,7/2/2017,6,TRUE,11
Potomac 2017 06 02 POD2969 file01.CP167,7/2/2017,7,TRUE,22
Potomac 2017 06 02 POD2969 file01.CP168,7/2/2017,11,TRUE,2
Potomac 2017 06 02 POD2969 file01.CP169,7/2/2017,12,TRUE,11
Potomac 2017 06 02 POD2969 file01.CP170,7/2/2017,13,TRUE,1
Potomac 2017 06 02 POD2969 file01.CP171,7/2/2017,14,TRUE,1
Potomac 2017 06 02 POD2969 file01.CP172,7/2/2017,17,TRUE,5
Potomac 2017 06 02 POD2969 file01.CP173,7/2/2017,21,TRUE,2
Potomac 2017 06 02 POD2969 file01.CP174,7/2/2017,22,TRUE,1
Potomac 2017 06 02 POD2969 file01.CP175,7/2/2017,23,TRUE,2
Potomac 2017 06 02 POD2969 file01.CP176,7/3/2017,4,TRUE,10
Potomac 2017 06 02 POD2969 file01.CP177,7/3/2017,5,TRUE,9
Potomac 2017 06 02 POD2969 file01.CP178,7/3/2017,15,TRUE,3
Potomac 2017 06 02 POD2969 file01.CP179,7/3/2017,16,TRUE,24
Potomac 2017 06 02 POD2969 file01.CP180,7/3/2017,17,TRUE,27
Potomac 2017 06 02 POD2969 file01.CP181,7/3/2017,18,TRUE,18
Potomac 2017 06 02 POD2969 file01.CP182,7/4/2017,11,TRUE,7
Potomac 2017 06 02 POD2969 file01.CP183,7/4/2017,12,TRUE,2
Potomac 2017 06 02 POD2969 file01.CP184,7/4/2017,20,TRUE,2
Potomac 2017 06 02 POD2969 file01.CP185,7/4/2017,21,TRUE,24
Potomac 2017 06 02 POD2969 file01.CP186,7/4/2017,22,TRUE,2
Potomac 2017 06 02 POD2969 file01.CP187,7/4/2017,23,TRUE,9
Potomac 2017 06 02 POD2969 file01.CP188,7/5/2017,0,TRUE,1
Potomac 2017 06 02 POD2969 file01.CP189,7/5/2017,12,TRUE,1
Potomac 2017 06 02 POD2969 file01.CP190,7/5/2017,23,TRUE,4
Potomac 2017 06 02 POD2969 file01.CP191,7/7/2017,1,TRUE,1
Potomac 2017 06 02 POD2969 file01.CP192,7/7/2017,2,TRUE,9
Potomac 2017 06 02 POD2969 file01.CP193,7/7/2017,3,TRUE,5
Potomac 2017 06 02 POD2969 file01.CP194,7/7/2017,4,TRUE,1
Potomac 2017 06 02 POD2969 file01.CP195,7/7/2017,6,TRUE,2
Potomac 2017 06 02 POD2969 file01.CP196,7/7/2017,15,TRUE,1
Potomac 2017 06 02 POD2969 file01.CP197,7/7/2017,16,TRUE,21
Potomac 2017 06 02 POD2969 file01.CP198,7/8/2017,5,TRUE,7
Potomac 2017 06 02 POD2969 file01.CP199,7/8/2017,13,TRUE,5
Potomac 2017 06 02 POD2969 file01.CP200,7/8/2017,20,TRUE,13
Potomac 2017 06 02 POD2969 file01.CP201,7/8/2017,21,TRUE,21
Potomac 2017 06 02 POD2969 file01.CP202,7/8/2017,22,TRUE,2
Potomac 2017 06 02 POD2969 file01.CP203,7/9/2017,3,TRUE,3
Potomac 2017 06 02 POD2969 file01.CP204,7/9/2017,16,TRUE,4
Potomac 2017 06 02 POD2969 file01.CP205,7/9/2017,17,TRUE,9
Potomac 2017 06 02 POD2969 file01.CP206,7/9/2017,18,TRUE,4
Potomac 2017 06 02 POD2969 file01.CP207,7/9/2017,22,TRUE,12
Potomac 2017 06 02 POD2969 file01.CP208,7/10/2017,4,TRUE,18
Potomac 2017 06 02 POD2969 file01.CP209,7/10/2017,5,TRUE,14
Potomac 2017 06 02 POD2969 file01.CP210,7/11/2017,7,TRUE,3
Potomac 2017 06 02 POD2969 file01.CP211,7/11/2017,8,TRUE,1
Potomac 2017 06 02 POD2969 file01.CP212,7/11/2017,18,TRUE,1
Potomac 2017 06 02 POD2969 file01.CP213,7/12/2017,4,TRUE,11
Potomac 2017 06 02 POD2969 file01.CP214,7/12/2017,5,TRUE,6
Potomac 2017 06 02 POD2969 file01.CP215,7/12/2017,9,TRUE,2
Potomac 2017 06 02 POD2969 file01.CP216,7/12/2017,10,TRUE,1
Potomac 2017 06 02 POD2969 file01.CP217,7/12/2017,11,TRUE,9
Potomac 2017 06 02 POD2969 file01.CP218,7/12/2017,14,TRUE,5
Potomac 2017 06 02 POD2969 file01.CP219,7/12/2017,15,TRUE,3
Potomac 2017 06 02 POD2969 file01.CP220,7/12/2017,22,TRUE,1
Potomac 2017 06 02 POD2969 file01.CP221,7/12/2017,23,TRUE,33
Potomac 2017 06 02 POD2969 file01.CP222,7/13/2017,0,TRUE,52
Potomac 2017 06 02 POD2969 file01.CP223,7/13/2017,1,TRUE,43
Potomac 2017 06 02 POD2969 file01.CP224,7/13/2017,2,TRUE,54
Potomac 2017 06 02 POD2969 file01.CP225,7/13/2017,3,TRUE,46
Potomac 2017 06 02 POD2969 file01.CP226,7/13/2017,4,TRUE,18
Potomac 2017 06 02 POD2969 file01.CP227,7/13/2017,5,TRUE,4
Potomac 2017 06 02 POD2969 file01.CP228,7/13/2017,6,TRUE,7
Potomac 2017 06 02 POD2969 file01.CP229,7/13/2017,8,TRUE,2
Potomac 2017 06 02 POD2969 file01.CP230,7/13/2017,11,TRUE,1
Potomac 2017 06 02 POD2969 file01.CP231,7/13/2017,12,TRUE,5
Potomac 2017 06 02 POD2969 file01.CP232,7/14/2017,4,TRUE,4
Potomac 2017 06 02 POD2969 file01.CP233,7/14/2017,5,TRUE,4
Potomac 2017 06 02 POD2969 file01.CP234,7/14/2017,6,TRUE,3
Potomac 2017 06 02 POD2969 file01.CP235,7/14/2017,8,TRUE,29
Potomac 2017 06 02 POD2969 file01.CP236,7/14/2017,9,TRUE,20
Potomac 2017 06 02 POD2969 file01.CP237,7/14/2017,10,TRUE,5
Potomac 2017 06 02 POD2969 file01.CP238,7/14/2017,16,TRUE,12
Potomac 2017 06 02 POD2969 file01.CP239,7/14/2017,17,TRUE,12
Potomac 2017 06 02 POD2969 file01.CP240,7/15/2017,15,TRUE,1
Potomac 2017 06 02 POD2969 file01.CP241,7/15/2017,16,TRUE,7
Potomac 2017 06 02 POD2969 file01.CP242,7/15/2017,17,TRUE,23
Potomac 2017 06 02 POD2969 file01.CP243,7/15/2017,18,TRUE,31
Potomac 2017 06 02 POD2969 file01.CP244,7/15/2017,19,TRUE,26
Potomac 2017 06 02 POD2969 file01.CP245,7/15/2017,22,TRUE,4
Potomac 2017 06 02 POD2969 file01.CP246,7/15/2017,23,TRUE,5
Potomac 2017 06 02 POD2969 file01.CP247,7/16/2017,4,TRUE,3
Potomac 2017 06 02 POD2969 file01.CP248,7/16/2017,5,TRUE,4
Potomac 2017 06 02 POD2969 file01.CP249,7/16/2017,15,TRUE,1
Potomac 2017 06 02 POD2969 file01.CP250,7/16/2017,16,TRUE,1
Potomac 2017 06 02 POD2969 file01.CP251,7/16/2017,18,TRUE,8
Potomac 2017 06 02 POD2969 file01.CP252,7/17/2017,1,TRUE,10
Potomac 2017 06 02 POD2969 file01.CP253,7/17/2017,2,TRUE,28
Potomac 2017 06 02 POD2969 file01.CP254,7/17/2017,4,TRUE,1
Potomac 2017 06 02 POD2969 file01.CP255,7/17/2017,5,TRUE,7
Potomac 2017 06 02 POD2969 file01.CP256,7/17/2017,6,TRUE,8
Potomac 2017 06 02 POD2969 file01.CP257,7/17/2017,10,TRUE,1
Potomac 2017 06 02 POD2969 file01.CP258,7/17/2017,11,TRUE,4
Potomac 2017 06 02 POD2969 file01.CP259,7/17/2017,12,TRUE,14
Potomac 2017 06 02 POD2969 file01.CP260,7/17/2017,13,TRUE,3
Potomac 2017 06 02 POD2969 file01.CP261,7/17/2017,20,TRUE,7
Potomac 2017 06 02 POD2969 file01.CP262,7/17/2017,21,TRUE,47
Potomac 2017 06 02 POD2969 file01.CP263,7/17/2017,22,TRUE,32
Potomac 2017 06 02 POD2969 file01.CP264,7/17/2017,23,TRUE,51
Potomac 2017 06 02 POD2969 file01.CP265,7/18/2017,0,TRUE,33
Potomac 2017 06 02 POD2969 file01.CP266,7/18/2017,1,TRUE,15
Potomac 2017 06 02 POD2969 file01.CP267,7/18/2017,2,TRUE,2
Potomac 2017 06 02 POD2969 file01.CP268,7/18/2017,13,TRUE,16
Potomac 2017 06 02 POD2969 file01.CP269,7/18/2017,14,TRUE,2
Potomac 2017 06 02 POD2969 file01.CP270,7/18/2017,16,TRUE,8
Potomac 2017 06 02 POD2969 file01.CP271,7/18/2017,17,TRUE,22
Potomac 2017 06 02 POD2969 file01.CP272,7/18/2017,19,TRUE,1
Potomac 2017 06 02 POD2969 file01.CP273,7/18/2017,20,TRUE,17
Potomac 2017 06 02 POD2969 file01.CP274,7/18/2017,21,TRUE,35
Potomac 2017 06 02 POD2969 file01.CP275,7/18/2017,22,TRUE,3
Potomac 2017 06 02 POD2969 file01.CP276,7/19/2017,6,TRUE,4
Potomac 2017 06 02 POD2969 file01.CP277,7/19/2017,7,TRUE,1
Potomac 2017 06 02 POD2969 file01.CP278,7/19/2017,9,TRUE,2
Potomac 2017 06 02 POD2969 file01.CP279,7/19/2017,10,TRUE,4
Potomac 2017 06 02 POD2969 file01.CP280,7/19/2017,11,TRUE,4
Potomac 2017 06 02 POD2969 file01.CP281,7/19/2017,12,TRUE,15
Potomac 2017 06 02 POD2969 file01.CP282,7/19/2017,13,TRUE,5
Potomac 2017 06 02 POD2969 file01.CP283,7/20/2017,0,TRUE,13
Potomac 2017 06 02 POD2969 file01.CP284,7/20/2017,3,TRUE,6
Potomac 2017 06 02 POD2969 file01.CP285,7/20/2017,6,TRUE,7
Potomac 2017 06 02 POD2969 file01.CP286,7/20/2017,13,TRUE,10
Potomac 2017 06 02 POD2969 file01.CP287,7/20/2017,19,TRUE,1
Potomac 2017 06 02 POD2969 file01.CP288,7/20/2017,20,TRUE,13
Potomac 2017 06 02 POD2969 file01.CP289,7/21/2017,7,TRUE,5
Potomac 2017 06 02 POD2969 file01.CP290,7/21/2017,8,TRUE,4
Potomac 2017 06 02 POD2969 file01.CP291,7/21/2017,12,TRUE,17
Potomac 2017 06 02 POD2969 file01.CP292,7/21/2017,13,TRUE,1
Potomac 2017 06 02 POD2969 file01.CP293,7/21/2017,15,TRUE,3
Potomac 2017 06 02 POD2969 file01.CP294,7/21/2017,19,TRUE,12
Potomac 2017 06 02 POD2969 file01.CP295,7/21/2017,20,TRUE,21
Potomac 2017 06 02 POD2969 file01.CP296,7/21/2017,21,TRUE,3
Potomac 2017 06 02 POD2969 file01.CP297,7/21/2017,22,TRUE,7
Potomac 2017 06 02 POD2969 file01.CP298,7/21/2017,23,TRUE,1
Potomac 2017 06 02 POD2969 file01.CP299,7/22/2017,0,TRUE,11
Potomac 2017 06 02 POD2969 file01.CP300,7/22/2017,1,TRUE,5
Potomac 2017 06 02 POD2969 file01.CP301,7/22/2017,2,TRUE,5
Potomac 2017 06 02 POD2969 file01.CP302,7/22/2017,6,TRUE,3
Potomac 2017 06 02 POD2969 file01.CP303,7/22/2017,21,TRUE,2
Potomac 2017 06 02 POD2969 file01.CP304,7/23/2017,0,TRUE,2
Potomac 2017 06 02 POD2969 file01.CP305,7/23/2017,2,TRUE,1
Potomac 2017 06 02 POD2969 file01.CP306,7/23/2017,9,TRUE,2
Potomac 2017 06 02 POD2969 file01.CP307,7/23/2017,14,TRUE,8
Potomac 2017 06 02 POD2969 file01.CP308,7/23/2017,15,TRUE,3
Potomac 2017 06 02 POD2969 file01.CP309,7/23/2017,16,TRUE,1
Potomac 2017 06 02 POD2969 file01.CP310,7/23/2017,22,TRUE,2
Potomac 2017 06 02 POD2969 file01.CP311,7/23/2017,23,TRUE,6
Potomac 2017 06 02 POD2969 file01.CP312,7/24/2017,2,TRUE,3
Potomac 2017 06 02 POD2969 file01.CP313,7/24/2017,22,TRUE,2
Potomac 2017 06 02 POD2969 file01.CP314,7/25/2017,8,TRUE,2
Potomac 2017 06 02 POD2969 file01.CP315,7/25/2017,9,TRUE,2
Potomac 2017 06 02 POD2969 file01.CP316,7/25/2017,10,TRUE,1
Potomac 2017 06 02 POD2969 file01.CP317,7/25/2017,14,TRUE,1
Potomac 2017 06 02 POD2969 file01.CP318,7/25/2017,15,TRUE,3
Potomac 2017 06 02 POD2969 file01.CP319,7/25/2017,20,TRUE,1
Potomac 2017 06 02 POD2969 file01.CP320,7/25/2017,22,TRUE,3
Potomac 2017 06 02 POD2969 file01.CP321,7/26/2017,9,TRUE,1
Potomac 2017 06 02 POD2969 file01.CP322,7/26/2017,10,TRUE,10
Potomac 2017 06 02 POD2969 file01.CP323,7/26/2017,12,TRUE,20
Potomac 2017 06 02 POD2969 file01.CP324,7/26/2017,13,TRUE,15
Potomac 2017 06 02 POD2969 file01.CP325,7/26/2017,14,TRUE,9
Potomac 2017 06 02 POD2969 file01.CP326,7/27/2017,7,TRUE,1
Potomac 2017 06 02 POD2969 file01.CP327,7/27/2017,8,TRUE,5
Potomac 2017 06 02 POD2969 file01.CP328,7/27/2017,16,TRUE,12
Potomac 2017 06 02 POD2969 file01.CP329,7/28/2017,1,TRUE,6
Potomac 2017 06 02 POD2969 file01.CP330,7/28/2017,7,TRUE,1
Potomac 2017 06 02 POD2969 file01.CP331,7/28/2017,10,TRUE,7
Potomac 2017 06 02 POD2969 file01.CP332,7/28/2017,11,TRUE,6
Potomac 2017 06 02 POD2969 file01.CP333,7/29/2017,5,TRUE,6
Potomac 2017 06 02 POD2969 file01.CP334,7/30/2017,0,TRUE,5
Potomac 2017 06 02 POD2969 file01.CP335,7/30/2017,3,TRUE,1
Potomac 2017 06 02 POD2969 file01.CP336,7/30/2017,19,TRUE,1
Potomac 2017 06 02 POD2969 file01.CP337,7/30/2017,21,TRUE,4
Potomac 2017 06 02 POD2969 file01.CP338,7/31/2017,4,TRUE,3
Potomac 2017 06 02 POD2969 file01.CP339,7/31/2017,5,TRUE,16
Potomac 2017 06 02 POD2969 file01.CP340,7/31/2017,6,TRUE,7
Potomac 2017 06 02 POD2969 file01.CP341,7/31/2017,13,TRUE,1
Potomac 2017 06 02 POD2969 file01.CP342,7/31/2017,17,TRUE,30
Potomac 2017 06 02 POD2969 file01.CP343,7/31/2017,18,TRUE,3
Potomac 2017 06 02 POD2969 file01.CP344,8/1/2017,0,TRUE,3
Potomac 2017 06 02 POD2969 file01.CP345,8/1/2017,1,TRUE,2
Potomac 2017 06 02 POD2969 file01.CP346,8/1/2017,4,TRUE,1
Potomac 2017 06 02 POD2969 file01.CP347,8/1/2017,9,TRUE,2
Potomac 2017 06 02 POD2969 file01.CP348,8/1/2017,13,TRUE,1
Potomac 2017 06 02 POD2969 file01.CP349,8/1/2017,14,TRUE,20
Potomac 2017 06 02 POD2969 file01.CP350,8/2/2017,3,TRUE,3
Potomac 2017 06 02 POD2969 file01.CP351,8/2/2017,4,TRUE,5
Potomac 2017 06 02 POD2969 file01.CP352,8/3/2017,2,TRUE,1
Potomac 2017 06 02 POD2969 file01.CP353,8/3/2017,3,TRUE,1
Potomac 2017 06 02 POD2969 file01.CP354,8/3/2017,6,TRUE,1
Potomac 2017 06 02 POD2969 file01.CP355,8/3/2017,18,TRUE,7
Potomac 2017 06 02 POD2969 file01.CP356,8/3/2017,19,TRUE,3
Potomac 2017 06 02 POD2969 file01.CP357,8/4/2017,0,TRUE,1
Potomac 2017 06 02 POD2969 file01.CP358,8/4/2017,6,TRUE,3
Potomac 2017 06 02 POD2969 file01.CP359,8/4/2017,7,TRUE,1
Potomac 2017 06 02 POD2969 file01.CP360,8/4/2017,9,TRUE,15
Potomac 2017 06 02 POD2969 file01.CP361,8/4/2017,23,TRUE,1
Potomac 2017 06 02 POD2969 file01.CP362,8/5/2017,0,TRUE,9
Potomac 2017 06 02 POD2969 file01.CP363,8/5/2017,1,TRUE,4
Potomac 2017 06 02 POD2969 file01.CP364,8/5/2017,2,TRUE,5
Potomac 2017 06 02 POD2969 file01.CP365,8/5/2017,5,TRUE,1
Potomac 2017 06 02 POD2969 file01.CP366,8/5/2017,23,TRUE,2
Potomac 2017 06 02 POD2969 file01.CP367,8/6/2017,0,TRUE,1
Potomac 2017 06 02 POD2969 file01.CP368,8/6/2017,1,TRUE,1
Potomac 2017 06 02 POD2969 file01.CP369,8/6/2017,9,TRUE,7
Potomac 2017 06 02 POD2969 file01.CP370,8/6/2017,10,TRUE,4
Potomac 2017 06 02 POD2969 file01.CP371,8/6/2017,12,TRUE,1
Potomac 2017 06 02 POD2969 file01.CP372,8/6/2017,15,TRUE,4
Potomac 2017 06 02 POD2969 file01.CP373,8/6/2017,18,TRUE,6
Potomac 2017 06 02 POD2969 file01.CP374,8/6/2017,23,TRUE,1
Potomac 2017 06 02 POD2969 file01.CP375,8/7/2017,11,TRUE,4
Potomac 2017 06 02 POD2969 file01.CP376,8/7/2017,12,TRUE,13
Potomac 2017 06 02 POD2969 file01.CP377,8/7/2017,13,TRUE,14
Potomac 2017 06 02 POD2969 file01.CP378,8/9/2017,4,TRUE,4
Potomac 2017 06 02 POD2969 file01.CP379,8/9/2017,11,TRUE,3
Potomac 2017 06 02 POD2969 file01.CP380,8/9/2017,15,TRUE,2
Potomac 2017 06 02 POD2969 file01.CP381,8/9/2017,23,TRUE,13
Potomac 2017 06 02 POD2969 file01.CP382,8/10/2017,10,TRUE,1
Potomac 2017 06 02 POD2969 file01.CP383,8/10/2017,14,TRUE,8
Potomac 2017 06 02 POD2969 file01.CP384,8/10/2017,22,TRUE,10
Potomac 2017 06 02 POD2969 file01.CP385,8/11/2017,7,TRUE,3
Potomac 2017 06 02 POD2969 file01.CP386,8/11/2017,10,TRUE,2
Potomac 2017 06 02 POD2969 file01.CP387,8/11/2017,11,TRUE,5
Potomac 2017 06 02 POD2969 file01.CP388,8/12/2017,5,TRUE,2
Potomac 2017 06 02 POD2969 file01.CP389,8/12/2017,7,TRUE,2
Potomac 2017 06 02 POD2969 file01.CP390,8/12/2017,22,TRUE,5
Potomac 2017 06 02 POD2969 file01.CP391,8/13/2017,13,TRUE,5
Potomac 2017 06 02 POD2969 file01.CP392,8/14/2017,0,TRUE,1
Potomac 2017 06 02 POD2969 file01.CP393,8/14/2017,1,TRUE,1
Potomac 2017 06 02 POD2969 file01.CP394,8/14/2017,4,TRUE,14
Potomac 2017 06 02 POD2969 file01.CP395,8/14/2017,12,TRUE,4
Potomac 2017 06 02 POD2969 file01.CP396,8/14/2017,19,TRUE,2
Potomac 2017 06 02 POD2969 file01.CP397,8/14/2017,22,TRUE,2
Potomac 2017 06 02 POD2969 file01.CP398,8/15/2017,1,TRUE,10
Potomac 2017 06 02 POD2969 file01.CP399,8/15/2017,4,TRUE,6
Potomac 2017 06 02 POD2969 file01.CP400,8/15/2017,5,TRUE,9
Potomac 2017 06 02 POD2969 file01.CP401,8/15/2017,6,TRUE,21
Potomac 2017 06 02 POD2969 file01.CP402,8/15/2017,10,TRUE,4
Potomac 2017 06 02 POD2969 file01.CP403,8/15/2017,11,TRUE,9
Potomac 2017 06 02 POD2969 file01.CP404,8/16/2017,9,TRUE,29
Potomac 2017 06 02 POD2969 file01.CP405,8/16/2017,11,TRUE,4
Potomac 2017 06 02 POD2969 file01.CP406,8/16/2017,13,TRUE,11
Potomac 2017 06 02 POD2969 file01.CP407,8/16/2017,14,TRUE,30
Potomac 2017 06 02 POD2969 file01.CP408,8/17/2017,5,TRUE,5
Potomac 2017 06 02 POD2969 file01.CP409,8/17/2017,6,TRUE,5
Potomac 2017 06 02 POD2969 file01.CP410,8/17/2017,7,TRUE,4
Potomac 2017 06 02 POD2969 file01.CP411,8/17/2017,8,TRUE,5
Potomac 2017 06 02 POD2969 file01.CP412,8/17/2017,9,TRUE,1
Potomac 2017 06 02 POD2969 file01.CP413,8/17/2017,14,TRUE,21
Potomac 2017 06 02 POD2969 file01.CP414,8/18/2017,12,TRUE,2
Potomac 2017 06 02 POD2969 file01.CP415,8/18/2017,13,TRUE,1
Potomac 2017 06 02 POD2969 file01.CP416,8/19/2017,16,TRUE,15
Potomac 2017 06 02 POD2969 file01.CP417,8/19/2017,22,TRUE,9
Potomac 2017 06 02 POD2969 file01.CP418,8/19/2017,23,TRUE,10
Potomac 2017 06 02 POD2969 file01.CP419,8/20/2017,9,TRUE,2
Potomac 2017 06 02 POD2969 file01.CP420,8/21/2017,7,TRUE,1
Potomac 2017 06 02 POD2969 file01.CP421,8/21/2017,23,TRUE,15
Potomac 2017 06 02 POD2969 file01.CP422,8/22/2017,21,TRUE,1
Potomac 2017 06 02 POD2969 file01.CP423,8/22/2017,22,TRUE,10
Potomac 2017 06 02 POD2969 file01.CP424,8/24/2017,3,TRUE,3
Potomac 2017 06 02 POD2969 file01.CP425,8/24/2017,12,TRUE,1
Potomac 2017 06 02 POD2969 file01.CP426,8/25/2017,3,TRUE,1
Potomac 2017 06 02 POD2969 file01.CP427,8/26/2017,3,TRUE,3
Potomac 2017 06 02 POD2969 file01.CP428,8/26/2017,4,TRUE,5
Potomac 2017 06 02 POD2969 file01.CP429,8/30/2017,14,TRUE,3
Potomac 2017 06 02 POD2969 file01.CP430,8/30/2017,15,TRUE,3
Potomac 2017 06 02 POD2969 file01.CP431,8/30/2017,20,TRUE,5
Potomac 2017 06 02 POD2969 file01.CP432,8/31/2017,3,TRUE,1
Potomac 2017 06 02 POD2969 file01.CP433,8/31/2017,5,TRUE,5
Potomac 2017 06 02 POD2969 file01.CP434,8/31/2017,6,TRUE,2
Potomac 2017 06 02 POD2969 file01.CP435,9/1/2017,6,TRUE,1
Potomac 2017 06 02 POD2969 file01.CP436,9/2/2017,1,TRUE,2
Potomac 2017 06 02 POD2969 file01.CP437,9/4/2017,4,TRUE,6
Potomac 2017 06 02 POD2969 file01.CP438,9/5/2017,11,TRUE,4
Potomac 2017 06 02 POD2969 file01.CP439,9/6/2017,3,TRUE,3
Potomac 2017 06 02 POD2969 file01.CP440,9/6/2017,4,TRUE,1
Potomac 2017 06 02 POD2969 file01.CP441,9/7/2017,23,TRUE,7
Potomac 2017 06 02 POD2969 file01.CP442,9/8/2017,7,TRUE,5
Potomac 2017 06 02 POD2969 file01.CP443,9/12/2017,8,TRUE,5
Potomac 2017 06 02 POD2969 file01.CP444,9/13/2017,18,TRUE,5
Potomac 2017 06 02 POD2969 file01.CP445,9/13/2017,20,TRUE,1
Potomac 2017 06 02 POD2969 file01.CP446,9/15/2017,11,TRUE,14
Potomac 2017 06 02 POD2969 file01.CP447,9/16/2017,5,TRUE,10
Potomac 2017 06 02 POD2969 file01.CP448,9/16/2017,7,TRUE,1
Potomac 2017 06 02 POD2969 file01.CP449,9/16/2017,13,TRUE,1
Potomac 2017 06 02 POD2969 file01.CP450,9/16/2017,17,TRUE,1
Potomac 2017 06 02 POD2969 file01.CP451,9/20/2017,23,TRUE,2
Potomac 2017 06 02 POD2969 file01.CP452,9/21/2017,0,TRUE,4
Potomac 2017 06 02 POD2969 file01.CP453,9/21/2017,8,TRUE,12
Potomac 2017 06 02 POD2969 file01.CP454,9/22/2017,15,TRUE,1
Potomac 2017 06 02 POD2969 file01.CP455,9/27/2017,1,TRUE,2
Potomac 2017 06 02 POD2969 file01.CP456,9/29/2017,9,TRUE,11
Potomac 2017 06 02 POD2969 file01.CP457,9/30/2017,6,TRUE,2
Potomac 2017 06 02 POD2969 file01.CP458,9/30/2017,9,TRUE,3
Potomac 2017 06 02 POD2969 file01.CP459,10/1/2017,4,TRUE,1
Potomac 2017 06 02 POD2969 file01.CP460,10/1/2017,10,TRUE,1
Potomac 2017 06 02 POD2969 file01.CP461,10/2/2017,6,TRUE,1
Potomac 2017 06 02 POD2969 file01.CP462,10/2/2017,12,TRUE,1
Potomac 2017 06 02 POD2969 file01.CP463,10/3/2017,1,TRUE,1
Potomac 2017 06 02 POD2969 file01.CP464,10/6/2017,3,TRUE,4
Potomac 2017 06 02 POD2969 file01.CP465,10/6/2017,4,TRUE,6
Potomac 2017 06 02 POD2969 file01.CP466,10/6/2017,9,TRUE,1
Potomac 2017 06 02 POD2969 file01.CP467,10/8/2017,0,TRUE,3
Potomac 2017 06 02 POD2969 file01.CP468,10/10/2017,7,TRUE,1
Potomac 2017 06 02 POD2969 file01.CP469,10/12/2017,3,TRUE,2
Potomac 2017 06 02 POD2969 file01.CP470,10/13/2017,0,TRUE,3
Potomac 2017 06 02 POD2969 file01.CP471,10/14/2017,4,TRUE,5
Potomac 2017 06 02 POD2969 file01.CP472,10/14/2017,5,TRUE,4
Potomac 2017 06 02 POD2969 file01.CP473,10/14/2017,6,TRUE,1
Potomac 2017 06 02 POD2969 file01.CP474,10/15/2017,17,TRUE,1
Potomac 2017 06 02 POD2969 file01.CP475,10/16/2017,1,TRUE,7
Potomac 2017 06 02 POD2969 file01.CP476,10/16/2017,2,TRUE,1
Potomac 2017 06 02 POD2969 file01.CP477,10/17/2017,8,TRUE,1
Potomac 2017 06 02 POD2969 file01.CP478,10/22/2017,3,TRUE,1
Potomac 2017 06 02 POD2969 file01.CP479,10/22/2017,4,TRUE,3
Potomac 2017 06 02 POD2969 file01.CP480,10/22/2017,7,TRUE,1
Potomac 2017 06 02 POD2969 file01.CP481,10/23/2017,0,TRUE,8
Potomac 2017 06 02 POD2969 file01.CP482,10/23/2017,1,TRUE,1
Potomac 2017 06 02 POD2969 file01.CP483,10/25/2017,1,TRUE,14
Potomac 2017 06 02 POD2969 file01.CP484,10/25/2017,2,TRUE,2
Potomac 2017 06 02 POD2969 file01.CP485,10/27/2017,7,TRUE,2
Potomac 2017 06 02 POD2969 file01.CP486,10/28/2017,0,TRUE,1
Potomac 2016 03 28 POD2591 file01.CP3,5/16/2016,10,TRUE,4
Potomac 2016 03 28 POD2591 file01.CP4,5/20/2016,9,TRUE,4
Potomac 2016 03 28 POD2591 file01.CP5,5/23/2016,23,TRUE,2
Potomac 2016 03 28 POD2591 file01.CP6,5/27/2016,7,TRUE,8
Potomac 2016 03 28 POD2591 file01.CP7,5/28/2016,3,TRUE,7
Potomac 2016 03 28 POD2591 file01.CP8,5/28/2016,4,TRUE,21
Potomac 2016 03 28 POD2591 file01.CP9,5/28/2016,5,TRUE,4
Potomac 2016 03 28 POD2591 file01.CP10,5/28/2016,6,TRUE,28
Potomac 2016 03 28 POD2591 file01.CP11,5/28/2016,7,TRUE,10
Potomac 2016 03 28 POD2591 file01.CP12,5/29/2016,8,TRUE,7
Potomac 2016 03 28 POD2591 file01.CP13,5/30/2016,19,TRUE,1
Potomac 2016 03 28 POD2591 file01.CP14,6/4/2016,23,TRUE,3
Potomac 2016 03 28 POD2591 file01.CP15,6/7/2016,2,TRUE,1
Potomac 2016 03 28 POD2591 file01.CP16,6/9/2016,1,TRUE,1
Potomac 2016 03 28 POD2591 file01.CP17,6/10/2016,0,TRUE,1
Potomac 2016 03 28 POD2591 file01.CP18,6/10/2016,15,TRUE,5
Potomac 2016 03 28 POD2591 file01.CP19,6/10/2016,17,TRUE,1
Potomac 2016 03 28 POD2591 file01.CP20,6/10/2016,18,TRUE,2
Potomac 2016 03 28 POD2591 file01.CP21,6/11/2016,3,TRUE,1
Potomac 2016 03 28 POD2591 file01.CP22,6/11/2016,8,TRUE,1
Potomac 2016 03 28 POD2591 file01.CP23,6/11/2016,9,TRUE,8
Potomac 2016 03 28 POD2591 file01.CP24,6/11/2016,13,TRUE,2
Potomac 2016 03 28 POD2591 file01.CP25,6/11/2016,21,TRUE,29
Potomac 2016 03 28 POD2591 file01.CP26,6/11/2016,22,TRUE,2
Potomac 2016 03 28 POD2591 file01.CP27,6/12/2016,9,TRUE,4
Potomac 2016 03 28 POD2591 file01.CP28,6/12/2016,22,TRUE,3
Potomac 2016 03 28 POD2591 file01.CP29,6/13/2016,12,TRUE,1
Potomac 2016 03 28 POD2591 file01.CP30,6/14/2016,21,TRUE,4
Potomac 2016 03 28 POD2591 file01.CP31,6/14/2016,22,TRUE,1
Potomac 2016 03 28 POD2591 file01.CP32,6/14/2016,23,TRUE,3
Potomac 2016 03 28 POD2591 file01.CP33,6/15/2016,0,TRUE,5
Potomac 2016 03 28 POD2591 file01.CP34,6/15/2016,1,TRUE,3
Potomac 2016 03 28 POD2591 file01.CP35,6/15/2016,5,TRUE,1
Potomac 2016 03 28 POD2591 file01.CP36,6/15/2016,22,TRUE,3
Potomac 2016 03 28 POD2591 file01.CP37,6/15/2016,23,TRUE,1
Potomac 2016 03 28 POD2591 file01.CP38,6/16/2016,6,TRUE,2
Potomac 2016 03 28 POD2591 file01.CP39,6/16/2016,7,TRUE,3
Potomac 2016 03 28 POD2591 file01.CP40,6/16/2016,12,TRUE,2
Potomac 2016 03 28 POD2591 file01.CP41,6/16/2016,16,TRUE,3
Potomac 2016 03 28 POD2591 file01.CP42,6/17/2016,2,TRUE,4
Potomac 2016 03 28 POD2591 file01.CP43,6/18/2016,1,TRUE,3
Potomac 2016 03 28 POD2591 file01.CP44,6/18/2016,8,TRUE,11
Potomac 2016 03 28 POD2591 file01.CP45,6/18/2016,9,TRUE,2
Potomac 2016 03 28 POD2591 file01.CP46,6/18/2016,12,TRUE,1
Potomac 2016 03 28 POD2591 file01.CP47,6/18/2016,18,TRUE,5
Potomac 2016 03 28 POD2591 file01.CP48,6/19/2016,9,TRUE,2
Potomac 2016 03 28 POD2591 file01.CP49,6/20/2016,6,TRUE,1
Potomac 2016 03 28 POD2591 file01.CP50,6/21/2016,20,TRUE,3
Potomac 2016 03 28 POD2591 file01.CP51,6/22/2016,2,TRUE,7
Potomac 2016 03 28 POD2591 file01.CP52,6/22/2016,3,TRUE,2
Potomac 2016 03 28 POD2591 file01.CP53,6/22/2016,7,TRUE,14
Potomac 2016 03 28 POD2591 file01.CP54,6/22/2016,19,TRUE,13
Potomac 2016 03 28 POD2591 file01.CP55,6/23/2016,0,TRUE,5
Potomac 2016 03 28 POD2591 file01.CP56,6/23/2016,9,TRUE,1
Potomac 2016 03 28 POD2591 file01.CP57,6/23/2016,13,TRUE,3
Potomac 2016 03 28 POD2591 file01.CP58,6/24/2016,2,TRUE,1
Potomac 2016 03 28 POD2591 file01.CP59,6/24/2016,10,TRUE,2
Potomac 2016 03 28 POD2591 file01.CP60,6/24/2016,17,TRUE,5
Potomac 2016 03 28 POD2591 file01.CP61,6/26/2016,0,TRUE,1
Potomac 2016 03 28 POD2591 file01.CP62,6/26/2016,17,TRUE,1
Potomac 2016 03 28 POD2591 file01.CP63,6/27/2016,16,TRUE,3
Potomac 2016 03 28 POD2591 file01.CP64,6/28/2016,1,TRUE,13
Potomac 2016 03 28 POD2591 file01.CP65,6/28/2016,2,TRUE,1
Potomac 2016 03 28 POD2591 file01.CP66,6/28/2016,23,TRUE,5
Potomac 2016 03 28 POD2591 file01.CP67,6/29/2016,0,TRUE,8
Potomac 2016 03 28 POD2591 file01.CP68,6/29/2016,1,TRUE,3
Potomac 2016 03 28 POD2591 file01.CP69,6/29/2016,5,TRUE,4
